<?xml version='1.0' encoding='UTF-8'?>
<osm version='0.6' upload='false' generator='JOSM'>
  <node id='-177909893' action='modify' lat='55.56835482217' lon='9.73967254876'>
    <tag k='name' v='fre' />
  </node>
  <node id='-177909894' action='modify' lat='55.57000793298' lon='9.74048363638' />
  <node id='-177909895' action='modify' lat='55.57609154339' lon='9.74154710233' />
  <node id='-177909896' action='modify' lat='55.58011205519' lon='9.73642712386' />
  <node id='-177909897' action='modify' lat='55.58423844023' lon='9.72482873894' />
  <node id='-177909898' action='modify' lat='55.58665933321' lon='9.71707862281' />
  <node id='-177909899' action='modify' lat='55.58845048627' lon='9.71048445722' />
  <node id='-177909900' action='modify' lat='55.58914375249' lon='9.69955622759' />
  <node id='-177909901' action='modify' lat='55.58819066857' lon='9.69216936524' />
  <node id='-177909902' action='modify' lat='55.59173220328' lon='9.67709730557' />
  <node id='-177909903' action='modify' lat='55.59472905935' lon='9.67378109157' />
  <node id='-177909904' action='modify' lat='55.59708720253' lon='9.67033445701' />
  <node id='-177909905' action='modify' lat='55.59966872432' lon='9.66573446855' />
  <node id='-177909906' action='modify' lat='55.60312364555' lon='9.66172464136'>
    <tag k='name' v='pje' />
  </node>
  <node id='-177909907' action='modify' lat='55.60577671487' lon='9.66041296586' />
  <node id='-177909908' action='modify' lat='55.610775589' lon='9.6589940773' />
  <node id='-177909909' action='modify' lat='55.61417118748' lon='9.65911209449' />
  <node id='-177909910' action='modify' lat='55.61658951051' lon='9.65993687376' />
  <node id='-177909911' action='modify' lat='55.61943480641' lon='9.66025873885' />
  <node id='-177909912' action='modify' lat='55.62275998901' lon='9.65994089708' />
  <node id='-177909913' action='modify' lat='55.62648240491' lon='9.66080188617' />
  <node id='-177909914' action='modify' lat='55.62841540779' lon='9.66191634402' />
  <node id='-177909915' action='modify' lat='55.63493301105' lon='9.66237096906' />
  <node id='-177909916' action='modify' lat='55.64019459484' lon='9.65589880675' />
  <node id='-177909917' action='modify' lat='55.64139805263' lon='9.6533855769' />
  <node id='-177909918' action='modify' lat='55.6421246655' lon='9.65198774074'>
    <tag k='name' v='bor' />
  </node>
  <node id='-177909919' action='modify' lat='55.65430375795' lon='9.64909002051' />
  <node id='-177909920' action='modify' lat='55.66359105438' lon='9.65688049659' />
  <node id='-177909921' action='modify' lat='55.66496852774' lon='9.65793326363' />
  <node id='-177909922' action='modify' lat='55.6668814787' lon='9.65942993626'>
    <tag k='name' v='bre' />
  </node>
  <node id='-177909923' action='modify' lat='55.66896224563' lon='9.66115459666' />
  <node id='-177909924' action='modify' lat='55.67102550684' lon='9.66293692455' />
  <node id='-177909925' action='modify' lat='55.67463066382' lon='9.66469376206' />
  <node id='-177909926' action='modify' lat='55.67948895335' lon='9.66257959331' />
  <node id='-177909927' action='modify' lat='55.68270644453' lon='9.65754166111' />
  <node id='-177909928' action='modify' lat='55.68330223235' lon='9.65609460935' />
  <node id='-177909929' action='modify' lat='55.68547889854' lon='9.65229123563' />
  <node id='-177909930' action='modify' lat='55.68734926653' lon='9.64987188444' />
  <node id='-177909931' action='modify' lat='55.69100809625' lon='9.64102193579' />
  <node id='-177909932' action='modify' lat='55.69182145898' lon='9.63696643576' />
  <node id='-177909933' action='modify' lat='55.69235588049' lon='9.63035747275' />
  <node id='-177909934' action='modify' lat='55.69189931717' lon='9.6148113893' />
  <node id='-177909935' action='modify' lat='55.69186636147' lon='9.61391948866'>
    <tag k='name' v='mun' />
  </node>
  <node id='-177909936' action='modify' lat='55.69165137988' lon='9.61115822062' />
  <node id='-177909937' action='modify' lat='55.68956728392' lon='9.59242030844' />
  <node id='-177909938' action='modify' lat='55.6900261423' lon='9.58231642708' />
  <node id='-177909939' action='modify' lat='55.69139134641' lon='9.57576244935' />
  <node id='-177909940' action='modify' lat='55.69255808153' lon='9.57140318982' />
  <node id='-177909941' action='modify' lat='55.6939311342' lon='9.56721424922' />
  <node id='-177909942' action='modify' lat='55.69521305966' lon='9.56401303276' />
  <node id='-177909943' action='modify' lat='55.69673529154' lon='9.5607796298' />
  <node id='-177909944' action='modify' lat='55.69905102616' lon='9.55234274134' />
  <node id='-177909945' action='modify' lat='55.70043329714' lon='9.54155892' />
  <node id='-177909946' action='modify' lat='55.70183063574' lon='9.53770994604' />
  <node id='-177909947' action='modify' lat='55.70346142805' lon='9.53672289312' />
  <node id='-177909948' action='modify' lat='55.70464631694' lon='9.53654586732' />
  <node id='-177909949' action='modify' lat='55.70573973575' lon='9.53679665789' />
  <node id='-177909950' action='modify' lat='55.70661541016' lon='9.53711936312'>
    <tag k='name' v='vej' />
  </node>
  <node id='-177909951' action='modify' lat='55.70682783692' lon='9.53719764814' />
  <node id='-177909952' action='modify' lat='55.70788644036' lon='9.53747123212' />
  <node id='-177909953' action='modify' lat='55.70881127748' lon='9.53766435117' />
  <node id='-177909954' action='modify' lat='55.70981013667' lon='9.53802309796' />
  <node id='-177909955' action='modify' lat='55.70986680307' lon='9.5380586379' />
  <node id='-177909956' action='modify' lat='55.71178964825' lon='9.55036058754' />
  <node id='-177909957' action='modify' lat='55.71155165817' lon='9.55180898175' />
  <node id='-177909958' action='modify' lat='55.71111647396' lon='9.55552115902' />
  <node id='-177909959' action='modify' lat='55.71099256646' lon='9.55754890904' />
  <node id='-177909960' action='modify' lat='55.70859366996' lon='9.56730946764' />
  <node id='-177909961' action='modify' lat='55.70790910745' lon='9.56871762738' />
  <node id='-177909962' action='modify' lat='55.70625809883' lon='9.5851488398' />
  <node id='-177909963' action='modify' lat='55.70643113688' lon='9.58591863379' />
  <node id='-177909964' action='modify' lat='55.7070650994' lon='9.58957716689' />
  <node id='-177909965' action='modify' lat='55.70723284462' lon='9.59097727999' />
  <node id='-177909966' action='modify' lat='55.7080715599' lon='9.59526747331' />
  <node id='-177909967' action='modify' lat='55.70905003831' lon='9.59872349963' />
  <node id='-177909968' action='modify' lat='55.70980333665' lon='9.6091291295' />
  <node id='-177909969' action='modify' lat='55.70961973569' lon='9.61076125368' />
  <node id='-177909970' action='modify' lat='55.71215456163' lon='9.62525725231' />
  <node id='-177909971' action='modify' lat='55.71376150321' lon='9.62802529201' />
  <node id='-177909972' action='modify' lat='55.71633609907' lon='9.6310400936' />
  <node id='-177909973' action='modify' lat='55.7173846238' lon='9.63185816735' />
  <node id='-177909974' action='modify' lat='55.72237455024' lon='9.64112788305' />
  <node id='-177909975' action='modify' lat='55.72483226745' lon='9.65301274985' />
  <node id='-177909976' action='modify' lat='55.72659653076' lon='9.6597383903' />
  <node id='-177909977' action='modify' lat='55.72758813905' lon='9.66284841165' />
  <node id='-177909978' action='modify' lat='55.72874964058' lon='9.66702326998' />
  <node id='-177909979' action='modify' lat='55.7329528092' lon='9.68501552805' />
  <node id='-177909980' action='modify' lat='55.73613128547' lon='9.69244977013'>
    <tag k='name' v='dau' />
  </node>
  <node id='-177909981' action='modify' lat='55.74324548889' lon='9.69741471045' />
  <node id='-177909982' action='modify' lat='55.76767629573' lon='9.69883794175'>
    <tag k='name' v='hed' />
  </node>
  <node id='-177909983' action='modify' lat='55.79717487356' lon='9.70055758819' />
  <node id='-177909984' action='modify' lat='55.80195538565' lon='9.70172615271' />
  <node id='-177909985' action='modify' lat='55.80263646978' lon='9.702084147'>
    <tag k='name' v='los' />
  </node>
  <node id='-177909986' action='modify' lat='55.80551993761' lon='9.70359983679' />
  <node id='-177909987' action='modify' lat='55.80666415265' lon='9.70422953099' />
  <node id='-177909988' action='modify' lat='55.81039470662' lon='9.70641419157' />
  <node id='-177909989' action='modify' lat='55.8180461244' lon='9.71529096097' />
  <node id='-177909990' action='modify' lat='55.83117727604' lon='9.73947074076'>
    <tag k='name' v='eri' />
  </node>
  <node id='-177909991' action='modify' lat='55.83544873728' lon='9.74733799428' />
  <node id='-177909992' action='modify' lat='55.84219465534' lon='9.75495412812' />
  <node id='-177909993' action='modify' lat='55.8516466115' lon='9.76058542594' />
  <node id='-177909994' action='modify' lat='55.85602472258' lon='9.76489573449'>
    <tag k='name' v='hat' />
  </node>
  <node id='-177909995' action='modify' lat='55.85925981111' lon='9.77136790484' />
  <node id='-177909996' action='modify' lat='55.86054383625' lon='9.77499156922' />
  <node id='-177909997' action='modify' lat='55.86157272772' lon='9.79051421977' />
  <node id='-177909998' action='modify' lat='55.86155167651' lon='9.79066142253'>
    <tag k='name' v='hor.yv' />
  </node>
  <node id='-177909999' action='modify' lat='55.85613838353' lon='9.80626746878' />
  <node id='-177910000' action='modify' lat='55.85585836867' lon='9.80673685536' />
  <node id='-177910001' action='modify' lat='55.85305208685' lon='9.82284352049' />
  <node id='-177910002' action='modify' lat='55.85861815783' lon='9.83395993643'>
    <tag k='name' v='hor.ys' />
  </node>
  <node id='-177910003' action='modify' lat='55.85874648911' lon='9.83405917816' />
  <node id='-177910004' action='modify' lat='55.8623378246' lon='9.83556373572'>
    <tag k='name' v='hor' />
  </node>
  <node id='-177910005' action='modify' lat='55.86273922449' lon='9.83553975686' />
  <node id='-177910006' action='modify' lat='55.86352643352' lon='9.83542710409' />
  <node id='-177910007' action='modify' lat='55.8679987732' lon='9.83341008157' />
  <node id='-177910008' action='modify' lat='55.86994317321' lon='9.83179539174' />
  <node id='-177910009' action='modify' lat='55.87124791336' lon='9.83060985535' />
  <node id='-177910010' action='modify' lat='55.87288968673' lon='9.82902466983' />
  <node id='-177910011' action='modify' lat='55.87473528142' lon='9.82753202185' />
  <node id='-177910012' action='modify' lat='55.87483233639' lon='9.82747167215' />
  <node id='-177910013' action='modify' lat='55.88116220446' lon='9.82687756285' />
  <node id='-177910014' action='modify' lat='55.88388296321' lon='9.82804700598' />
  <node id='-177910015' action='modify' lat='55.88543469645' lon='9.82858076423' />
  <node id='-177910016' action='modify' lat='55.88653508691' lon='9.82887849078' />
  <node id='-177910017' action='modify' lat='55.89038282619' lon='9.83128309116' />
  <node id='-177910018' action='modify' lat='55.89456481692' lon='9.84459221229' />
  <node id='-177910019' action='modify' lat='55.89455428918' lon='9.84570801124' />
  <node id='-177910020' action='modify' lat='55.89606574161' lon='9.85632419452' />
  <node id='-177910021' action='modify' lat='55.8987632743' lon='9.86600428753' />
  <node id='-177910022' action='modify' lat='55.89937681978' lon='9.86810915038' />
  <node id='-177910023' action='modify' lat='55.90119822464' lon='9.87397849426' />
  <node id='-177910024' action='modify' lat='55.90247484876' lon='9.88125398621' />
  <node id='-177910025' action='modify' lat='55.90276730856' lon='9.88628715143' />
  <node id='-177910026' action='modify' lat='55.90316240389' lon='9.89125275699'>
    <tag k='name' v='tvv' />
  </node>
  <node id='-177910027' action='modify' lat='55.90324771975' lon='9.89202841982' />
  <node id='-177910028' action='modify' lat='55.90361610614' lon='9.89518403873' />
  <node id='-177910029' action='modify' lat='55.90395441709' lon='9.8987755166' />
  <node id='-177910030' action='modify' lat='55.90414762891' lon='9.9012739943' />
  <node id='-177910031' action='modify' lat='55.90807555935' lon='9.91642981634' />
  <node id='-177910032' action='modify' lat='55.91062455454' lon='9.92133021221' />
  <node id='-177910033' action='modify' lat='55.91396485178' lon='9.92839087165'>
    <tag k='name' v='tvi' />
  </node>
  <node id='-177910034' action='modify' lat='55.91545072507' lon='9.93166207999' />
  <node id='-177910035' action='modify' lat='55.91861848768' lon='9.93884637818' />
  <node id='-177910036' action='modify' lat='55.92106834778' lon='9.94309633836' />
  <node id='-177910037' action='modify' lat='55.92927349972' lon='9.95425164565' />
  <node id='-177910038' action='modify' lat='55.93390916805' lon='9.95932973854' />
  <node id='-177910039' action='modify' lat='55.9376241395' lon='9.96249273285' />
  <node id='-177910040' action='modify' lat='55.94332942497' lon='9.96376544103' />
  <node id='-177910041' action='modify' lat='55.94592292489' lon='9.96289970058'>
    <tag k='name' v='hov' />
  </node>
  <node id='-177910042' action='modify' lat='55.95052442718' lon='9.96136352286' />
  <node id='-177910043' action='modify' lat='55.95446567924' lon='9.96120527253' />
  <node id='-177910044' action='modify' lat='55.95772184638' lon='9.96211454138' />
  <node id='-177910045' action='modify' lat='55.95980288698' lon='9.9625061439' />
  <node id='-177910046' action='modify' lat='55.96246633557' lon='9.96270865068' />
  <node id='-177910047' action='modify' lat='55.96423486026' lon='9.96267244086' />
  <node id='-177910048' action='modify' lat='55.96598904282' lon='9.96241092548' />
  <node id='-177910049' action='modify' lat='55.97040829954' lon='9.95992585883' />
  <node id='-177910050' action='modify' lat='55.97716905561' lon='9.95321363077' />
  <node id='-177910051' action='modify' lat='55.98002189173' lon='9.95106987521' />
  <node id='-177910052' action='modify' lat='55.98496395813' lon='9.94844533436' />
  <node id='-177910053' action='modify' lat='55.98738795087' lon='9.9466893996'>
    <tag k='name' v='hyl' />
  </node>
  <node id='-177910054' action='modify' lat='55.98878693075' lon='9.9450999485' />
  <node id='-177910055' action='modify' lat='55.99015068612' lon='9.94327336416' />
  <node id='-177910056' action='modify' lat='55.99172217075' lon='9.94133815035' />
  <node id='-177910057' action='modify' lat='55.99351411034' lon='9.93928089604' />
  <node id='-177910058' action='modify' lat='55.99755448379' lon='9.93123829097' />
  <node id='-177910059' action='modify' lat='55.99867344309' lon='9.92691188782' />
  <node id='-177910060' action='modify' lat='55.99905667096' lon='9.92518722877'>
    <tag k='name' v='hyv' />
  </node>
  <node id='-177910061' action='modify' lat='55.99943689598' lon='9.91875126824' />
  <node id='-177910062' action='modify' lat='55.99931090467' lon='9.91556346282' />
  <node id='-177910063' action='modify' lat='56.00325618757' lon='9.8993991302' />
  <node id='-177910064' action='modify' lat='56.00366486616' lon='9.89880233869' />
  <node id='-177910065' action='modify' lat='56.01165085296' lon='9.89432439074' />
  <node id='-177910066' action='modify' lat='56.01816228535' lon='9.89533826575' />
  <node id='-177910067' action='modify' lat='56.02162145895' lon='9.89695563778' />
  <node id='-177910068' action='modify' lat='56.02582152101' lon='9.90013405547' />
  <node id='-177910069' action='modify' lat='56.03133621914' lon='9.90117341146' />
  <node id='-177910070' action='modify' lat='56.03211850957' lon='9.90089043841' />
  <node id='-177910071' action='modify' lat='56.03863249011' lon='9.90283637166' />
  <node id='-177910072' action='modify' lat='56.04233612997' lon='9.91235838845' />
  <node id='-177910073' action='modify' lat='56.04284043555' lon='9.91721033782' />
  <node id='-177910074' action='modify' lat='56.04315655565' lon='9.92150321469' />
  <node id='-177910075' action='modify' lat='56.04354709671' lon='9.92494199223'>
    <tag k='name' v='ska' />
  </node>
  <node id='-177910076' action='modify' lat='56.04738873055' lon='9.93393391103' />
  <node id='-177910077' action='modify' lat='56.04899833222' lon='9.93567198381' />
  <node id='-177910078' action='modify' lat='56.05268016693' lon='9.94243115053' />
  <node id='-177910079' action='modify' lat='56.05345228907' lon='9.94490817055' />
  <node id='-177910080' action='modify' lat='56.05451421335' lon='9.94933515519' />
  <node id='-177910081' action='modify' lat='56.05514476341' lon='9.95294272631' />
  <node id='-177910082' action='modify' lat='56.05564050932' lon='9.95683461159' />
  <node id='-177910083' action='modify' lat='56.05581424353' lon='9.95996743172' />
  <node id='-177910084' action='modify' lat='56.0565001865' lon='9.96494024724' />
  <node id='-177910085' action='modify' lat='56.05956581302' lon='9.97796505421' />
  <node id='-177910086' action='modify' lat='56.06129246068' lon='9.98294323415' />
  <node id='-177910087' action='modify' lat='56.06310956337' lon='9.98661591921'>
    <tag k='name' v='sti' />
  </node>
  <node id='-177910088' action='modify' lat='56.06508242824' lon='9.99060362309' />
  <node id='-177910089' action='modify' lat='56.06626980413' lon='9.99340385064' />
  <node id='-177910090' action='modify' lat='56.06694657747' lon='9.99529078469' />
  <node id='-177910091' action='modify' lat='56.06975535933' lon='10.00092074141' />
  <node id='-177910092' action='modify' lat='56.07084602782' lon='10.00243216619' />
  <node id='-177910093' action='modify' lat='56.07446065908' lon='10.01250922412' />
  <node id='-177910094' action='modify' lat='56.07535284952' lon='10.01871049136' />
  <node id='-177910095' action='modify' lat='56.07824933215' lon='10.02903699607' />
  <node id='-177910096' action='modify' lat='56.08119049868' lon='10.03546893328' />
  <node id='-177910097' action='modify' lat='56.0821791317' lon='10.03776347791'>
    <tag k='name' v='hon' />
  </node>
  <node id='-177910098' action='modify' lat='56.08322299047' lon='10.04022717208' />
  <node id='-177910099' action='modify' lat='56.0837064024' lon='10.04141002625' />
  <node id='-177910100' action='modify' lat='56.08507578719' lon='10.04519194096' />
  <node id='-177910101' action='modify' lat='56.08576719577' lon='10.04756301373' />
  <node id='-177910102' action='modify' lat='56.08701229854' lon='10.05129798979' />
  <node id='-177910103' action='modify' lat='56.09554136671' lon='10.0736944364' />
  <node id='-177910104' action='modify' lat='56.09697466342' lon='10.07870077953' />
  <node id='-177910105' action='modify' lat='56.10027493368' lon='10.09487986296' />
  <node id='-177910106' action='modify' lat='56.10200357492' lon='10.10006237732'>
    <tag k='name' v='has.s' />
  </node>
  <node id='-177910107' action='modify' lat='56.10382334273' lon='10.10267916397'>
    <tag k='name' v='has' />
  </node>
  <node id='-177910108' action='modify' lat='56.10616714043' lon='10.10434269771' />
  <node id='-177910109' action='modify' lat='56.11195974165' lon='10.1069591926' />
  <node id='-177910110' action='modify' lat='56.11711933043' lon='10.11374249518' />
  <node id='-177910111' action='modify' lat='56.11815819031' lon='10.12522369489' />
  <node id='-177910112' action='modify' lat='56.11688568314' lon='10.13710051641' />
  <node id='-177910113' action='modify' lat='56.11697091777' lon='10.14559238881' />
  <node id='-177910114' action='modify' lat='56.11703671221' lon='10.14609396189' />
  <node id='-177910115' action='modify' lat='56.11723590786' lon='10.14734724845'>
    <tag k='name' v='ros' />
  </node>
  <node id='-177910116' action='modify' lat='56.11963726623' lon='10.15470190039' />
  <node id='-177910117' action='modify' lat='56.12192385092' lon='10.15948282132'>
    <tag k='name' v='vib' />
  </node>
  <node id='-177910118' action='modify' lat='56.12555688839' lon='10.16707956657' />
  <node id='-177910119' action='modify' lat='56.13468798683' lon='10.17406940192' />
  <node id='-177910120' action='modify' lat='56.13594860851' lon='10.17402971268'>
    <tag k='name' v='kon' />
  </node>
  <node id='-177910121' action='modify' lat='56.13784005519' lon='10.17397016019' />
  <node id='-177910122' action='modify' lat='56.14046524574' lon='10.1743645541' />
  <node id='-177910123' action='modify' lat='56.14068059771' lon='10.17442482344' />
  <node id='-177910124' action='modify' lat='56.145069855' lon='10.1790019843' />
  <node id='-177910125' action='modify' lat='56.14659245263' lon='10.18242984742' />
  <node id='-177910126' action='modify' lat='56.14921240385' lon='10.1954734312' />
  <node id='-177910127' action='modify' lat='56.14923855017' lon='10.1992808269' />
  <node id='-177910128' action='modify' lat='56.14947312001' lon='10.20243912667' />
  <node id='-177910129' action='modify' lat='56.14986980118' lon='10.20495739217'>
    <tag k='name' v='aar' />
  </node>
  <node id='-177910130' action='modify' lat='56.14370708645' lon='10.17376363009' />
  <node id='-177910131' action='modify' lat='56.14355317424' lon='10.17316013306' />
  <node id='-177910132' action='modify' lat='56.14302717986' lon='10.1658457464' />
  <node id='-177910133' action='modify' lat='56.14448410952' lon='10.15904634923' />
  <node id='-177910134' action='modify' lat='56.14623235402' lon='10.15165149897' />
  <node id='-177910135' action='modify' lat='56.14725885027' lon='10.14575332135' />
  <node id='-177910136' action='modify' lat='56.14856023479' lon='10.13241469592' />
  <node id='-177910137' action='modify' lat='56.15001994431' lon='10.12558310956' />
  <node id='-177910138' action='modify' lat='56.15122561957' lon='10.12245833606' />
  <node id='-177910139' action='modify' lat='56.15306916882' lon='10.11470138758' />
  <node id='-177910140' action='modify' lat='56.15428819333' lon='10.10512858361' />
  <node id='-177910141' action='modify' lat='56.15437426555' lon='10.10436068881'>
    <tag k='name' v='bra' />
  </node>
  <node id='-177910142' action='modify' lat='56.15456157219' lon='10.10064124793' />
  <node id='-177910143' action='modify' lat='56.15455260898' lon='10.09780347079' />
  <node id='-177910144' action='modify' lat='56.15864708464' lon='10.08427977294' />
  <node id='-177910145' action='modify' lat='56.15955375555' lon='10.08324175805' />
  <node id='-177910146' action='modify' lat='56.16023785222' lon='10.08240490884'>
    <tag k='name' v='alo' />
  </node>
  <node id='-177910147' action='modify' lat='56.1618703743' lon='10.07971465319' />
  <node id='-177910148' action='modify' lat='56.16227961415' lon='10.07889389724' />
  <node id='-177910149' action='modify' lat='56.16430484068' lon='10.07365017593' />
  <node id='-177910150' action='modify' lat='56.16783528588' lon='10.06101965636' />
  <node id='-177910151' action='modify' lat='56.17581643395' lon='10.05197522879' />
  <node id='-177910152' action='modify' lat='56.18337793445' lon='10.06085738406' />
  <node id='-177910153' action='modify' lat='56.18373395312' lon='10.06214350328' />
  <node id='-177910154' action='modify' lat='56.18475571582' lon='10.06646990642' />
  <node id='-177910155' action='modify' lat='56.18587074285' lon='10.07163583964' />
  <node id='-177910156' action='modify' lat='56.19082303835' lon='10.08190333575' />
  <node id='-177910157' action='modify' lat='56.19280923247' lon='10.08379293865'>
    <tag k='name' v='mun' />
  </node>
  <node id='-177910158' action='modify' lat='56.19392424093' lon='10.08485376567' />
  <node id='-177910159' action='modify' lat='56.19772951272' lon='10.09043276042' />
  <node id='-177910160' action='modify' lat='56.19828609534' lon='10.09174972504' />
  <node id='-177910161' action='modify' lat='56.20291153658' lon='10.09821921319' />
  <node id='-177910162' action='modify' lat='56.20703740629' lon='10.10116293892' />
  <node id='-177910163' action='modify' lat='56.21774350287' lon='10.09939670295' />
  <node id='-177910164' action='modify' lat='56.22773763486' lon='10.08701562613' />
  <node id='-177910165' action='modify' lat='56.23073894442' lon='10.08166461915'>
    <tag k='name' v='sof' />
  </node>
  <node id='-177910166' action='modify' lat='56.23157682393' lon='10.07914870709' />
  <node id='-177910167' action='modify' lat='56.23361330165' lon='10.07215350598' />
  <node id='-177910168' action='modify' lat='56.24011409865' lon='10.06210461125' />
  <node id='-177910169' action='modify' lat='56.24770913935' lon='10.05768432945' />
  <node id='-177910170' action='modify' lat='56.2494392743' lon='10.05685150355' />
  <node id='-177910171' action='modify' lat='56.25108439471' lon='10.05617826909' />
  <node id='-177910172' action='modify' lat='56.25731703038' lon='10.05648136005' />
  <node id='-177910173' action='modify' lat='56.25927839486' lon='10.05757972464' />
  <node id='-177910174' action='modify' lat='56.25983184944' lon='10.05787476763' />
  <node id='-177910175' action='modify' lat='56.26183777591' lon='10.05885645613' />
  <node id='-177910176' action='modify' lat='56.2632153459' lon='10.05964301459'>
    <tag k='name' v='hin' />
  </node>
  <node id='-177910177' action='modify' lat='56.2643292099' lon='10.06048321456' />
  <node id='-177910178' action='modify' lat='56.26540244924' lon='10.06145149335' />
  <node id='-177910179' action='modify' lat='56.26579643475' lon='10.06183773145' />
  <node id='-177910180' action='modify' lat='56.26649949218' lon='10.06254583329' />
  <node id='-177910181' action='modify' lat='56.26760990742' lon='10.06371125445' />
  <node id='-177910182' action='modify' lat='56.26909041267' lon='10.06539031595' />
  <node id='-177910183' action='modify' lat='56.27110925707' lon='10.06790086493' />
  <node id='-177910184' action='modify' lat='56.27509450727' lon='10.07813214988' />
  <node id='-177910185' action='modify' lat='56.27560827042' lon='10.08143663138' />
  <node id='-177910186' action='modify' lat='56.28416626207' lon='10.0974426949' />
  <node id='-177910187' action='modify' lat='56.29599834859' lon='10.08851766318' />
  <node id='-177910188' action='modify' lat='56.29706697942' lon='10.08509784669' />
  <node id='-177910189' action='modify' lat='56.30269837851' lon='10.07715046138' />
  <node id='-177910190' action='modify' lat='56.30499073264' lon='10.07596090302' />
  <node id='-177910191' action='modify' lat='56.30652856451' lon='10.07507845625' />
  <node id='-177910192' action='modify' lat='56.31125624722' lon='10.07220312819' />
  <node id='-177910193' action='modify' lat='56.31340006406' lon='10.07051333651' />
  <node id='-177910194' action='modify' lat='56.31412456066' lon='10.06985351309' />
  <node id='-177910195' action='modify' lat='56.31745007661' lon='10.06578862533' />
  <node id='-177910196' action='modify' lat='56.32277134093' lon='10.05739599332' />
  <node id='-177910197' action='modify' lat='56.32508331331' lon='10.0528201434' />
  <node id='-177910198' action='modify' lat='56.32685307798' lon='10.04855811328'>
    <tag k='name' v='had' />
  </node>
  <node id='-177910199' action='modify' lat='56.32944585739' lon='10.04274844989' />
  <node id='-177910200' action='modify' lat='56.33206076658' lon='10.0363647911' />
  <node id='-177910201' action='modify' lat='56.33424504733' lon='10.03177016839' />
  <node id='-177910202' action='modify' lat='56.3440289155' lon='10.01367732748' />
  <node id='-177910203' action='modify' lat='56.34716454468' lon='9.9964843677' />
  <node id='-177910204' action='modify' lat='56.3470263119' lon='9.99425813422' />
  <node id='-177910205' action='modify' lat='56.34745958899' lon='9.98533308238'>
    <tag k='name' v='ler' />
  </node>
  <node id='-177910206' action='modify' lat='56.35004873993' lon='9.96907889575' />
  <node id='-177910207' action='modify' lat='56.35028505362' lon='9.96748030052' />
  <node id='-177910208' action='modify' lat='56.35213241728' lon='9.95311707124' />
  <node id='-177910209' action='modify' lat='56.35204770506' lon='9.94310572609' />
  <node id='-177910210' action='modify' lat='56.35156097766' lon='9.93969261512' />
  <node id='-177910211' action='modify' lat='56.35182403416' lon='9.92777153715' />
  <node id='-177910212' action='modify' lat='56.3529654108' lon='9.92180630431' />
  <node id='-177910213' action='modify' lat='56.35452205476' lon='9.91621832735' />
  <node id='-177910214' action='modify' lat='56.35458097756' lon='9.91606833282' />
  <node id='-177910215' action='modify' lat='56.35732922742' lon='9.91115390986'>
    <tag k='name' v='lau' />
  </node>
  <node id='-177910216' action='modify' lat='56.35958487106' lon='9.90859374136' />
  <node id='-177910217' action='modify' lat='56.36588008786' lon='9.90213553979'>
    <tag k='name' v='lau.yl' />
  </node>
  <node id='-177910218' action='modify' lat='56.37358158743' lon='9.89423319563' />
  <node id='-177910219' action='modify' lat='56.38193349204' lon='9.89314287633' />
  <node id='-177910220' action='modify' lat='56.38442541927' lon='9.89508341881'>
    <tag k='name' v='lan.ya' />
  </node>
  <node id='-177910221' action='modify' lat='56.3868193843' lon='9.89694779461'>
    <tag k='name' v='lan' />
  </node>
  <node id='-177910222' action='modify' lat='56.39120480457' lon='9.900363383' />
  <node id='-177910223' action='modify' lat='56.39422966768' lon='9.90227848157' />
  <node id='-177910224' action='modify' lat='56.40244494975' lon='9.90644060008' />
  <node id='-177910225' action='modify' lat='56.41332196026' lon='9.92493912444' />
  <node id='-177910226' action='modify' lat='56.4158925436' lon='9.93708014354' />
  <node id='-177910227' action='modify' lat='56.42210462597' lon='9.94877591595' />
  <node id='-177910228' action='modify' lat='56.43316692941' lon='9.95747833439'>
    <tag k='name' v='ste' />
  </node>
  <node id='-177910229' action='modify' lat='56.4366530514' lon='9.96022129809'>
    <tag k='name' v='ste.yr' />
  </node>
  <node id='-177910230' action='modify' lat='56.44238354' lon='9.9773669216' />
  <node id='-177910231' action='modify' lat='56.44277347726' lon='9.99833374947' />
  <node id='-177910232' action='modify' lat='56.44383281059' lon='10.0063616024' />
  <node id='-177910233' action='modify' lat='56.44873916672' lon='10.02457111806' />
  <node id='-177910234' action='modify' lat='56.45522119633' lon='10.03117873996' />
  <node id='-177910235' action='modify' lat='56.45633872623' lon='10.03103658423' />
  <node id='-177910236' action='modify' lat='56.45929542999' lon='10.02885460585' />
  <node id='-177910237' action='modify' lat='56.45940065177' lon='10.02866953343' />
  <node id='-177910238' action='modify' lat='56.46026612691' lon='10.02659886807' />
  <node id='-177910239' action='modify' lat='56.46123087133' lon='10.02373426884' />
  <node id='-177910240' action='modify' lat='56.46172279086' lon='10.02197283154'>
    <tag k='name' v='ran' />
  </node>
  <node id='-177910241' action='modify' lat='56.46189624913' lon='10.02111106843' />
  <node id='-177910242' action='modify' lat='56.46385082161' lon='10.01026421517'>
    <tag k='name' v='ran.ys' />
  </node>
  <node id='-177910243' action='modify' lat='56.46620388081' lon='10.00306248397' />
  <node id='-177910244' action='modify' lat='56.47090511713' lon='9.99449550837' />
  <node id='-177910245' action='modify' lat='56.47504581222' lon='9.98105764121'>
    <tag k='name' v='ran.yv' />
  </node>
  <node id='-177910246' action='modify' lat='56.47573316834' lon='9.97582733363' />
  <node id='-177910247' action='modify' lat='56.47944230562' lon='9.96147751674' />
  <node id='-177910248' action='modify' lat='56.48650324205' lon='9.94454895916'>
    <tag k='name' v='svs' />
  </node>
  <node id='-177910249' action='modify' lat='56.48892680762' lon='9.93873774737' />
  <node id='-177910250' action='modify' lat='56.49575213678' lon='9.92731287941' />
  <node id='-177910251' action='modify' lat='56.5028496404' lon='9.91795017381'>
    <tag k='name' v='bje' />
  </node>
  <node id='-177910252' action='modify' lat='56.50637008362' lon='9.91261705488' />
  <node id='-177910253' action='modify' lat='56.51054612906' lon='9.90505188569' />
  <node id='-177910254' action='modify' lat='56.51345347563' lon='9.89793598384' />
  <node id='-177910255' action='modify' lat='56.51568951611' lon='9.89050894707' />
  <node id='-177910256' action='modify' lat='56.51651375454' lon='9.88820492953'>
    <tag k='name' v='kov' />
  </node>
  <node id='-177910257' action='modify' lat='56.51879252439' lon='9.8842258738' />
  <node id='-177910258' action='modify' lat='56.5204159896' lon='9.88203970201' />
  <node id='-177910259' action='modify' lat='56.52108709944' lon='9.88111737173' />
  <node id='-177910260' action='modify' lat='56.54642558048' lon='9.84532805462'>
    <tag k='name' v='far' />
  </node>
  <node id='-177910261' action='modify' lat='56.54747348207' lon='9.84384743114' />
  <node id='-177910262' action='modify' lat='56.54868942912' lon='9.84206825227' />
  <node id='-177910263' action='modify' lat='56.54949151109' lon='9.84088674054' />
  <node id='-177910264' action='modify' lat='56.55219924633' lon='9.83770027623' />
  <node id='-177910265' action='modify' lat='56.55592603875' lon='9.83423888549' />
  <node id='-177910266' action='modify' lat='56.56141577361' lon='9.8251059638' />
  <node id='-177910267' action='modify' lat='56.56146159196' lon='9.82497453555' />
  <node id='-177910268' action='modify' lat='56.5630445078' lon='9.81851041183' />
  <node id='-177910269' action='modify' lat='56.57217417192' lon='9.76527392596'>
    <tag k='name' v='son.yv' />
  </node>
  <node id='-177910270' action='modify' lat='56.57362809349' lon='9.75830152497' />
  <node id='-177910271' action='modify' lat='56.57382682141' lon='9.75750088558' />
  <node id='-177910272' action='modify' lat='56.57684233409' lon='9.75036889181' />
  <node id='-177910273' action='modify' lat='56.5790265417' lon='9.74719902225'>
    <tag k='name' v='son' />
  </node>
  <node id='-177910274' action='modify' lat='56.58239403076' lon='9.74231153592' />
  <node id='-177910275' action='modify' lat='56.58464889773' lon='9.73959177598'>
    <tag k='name' v='son.yn' />
  </node>
  <node id='-177910276' action='modify' lat='56.58830972347' lon='9.73587155208' />
  <node id='-177910277' action='modify' lat='56.59245975747' lon='9.73069086403' />
  <node id='-177910278' action='modify' lat='56.59349571782' lon='9.72912847728' />
  <node id='-177910279' action='modify' lat='56.59764961142' lon='9.72550749511' />
  <node id='-177910280' action='modify' lat='56.60221349406' lon='9.72358569369' />
  <node id='-177910281' action='modify' lat='56.6047541718' lon='9.72291175806' />
  <node id='-177910282' action='modify' lat='56.60493513387' lon='9.72289244111'>
    <tag k='name' v='ols.ys' />
  </node>
  <node id='-177910283' action='modify' lat='56.61496931054' lon='9.73042723289'>
    <tag k='name' v='ols' />
  </node>
  <node id='-177910284' action='modify' lat='56.61563912914' lon='9.7320815894' />
  <node id='-177910285' action='modify' lat='56.61932639035' lon='9.74166454495'>
    <tag k='name' v='ols.yv' />
  </node>
  <node id='-177910286' action='modify' lat='56.62285998369' lon='9.75084900588' />
  <node id='-177910287' action='modify' lat='56.62439606262' lon='9.7542366372' />
  <node id='-177910288' action='modify' lat='56.6255440237' lon='9.75645348296' />
  <node id='-177910289' action='modify' lat='56.62710655289' lon='9.75985049933' />
  <node id='-177910290' action='modify' lat='56.63082744138' lon='9.7691845867' />
  <node id='-177910291' action='modify' lat='56.63588074032' lon='9.77569833264' />
  <node id='-177910292' action='modify' lat='56.63630777988' lon='9.77591022715' />
  <node id='-177910293' action='modify' lat='56.63978292111' lon='9.77915703982' />
  <node id='-177910294' action='modify' lat='56.64065755587' lon='9.78035062283' />
  <node id='-177910295' action='modify' lat='56.6433639279' lon='9.7823495391' />
  <node id='-177910296' action='modify' lat='56.64371493086' lon='9.78244140476' />
  <node id='-177910297' action='modify' lat='56.64493825389' lon='9.78261172503'>
    <tag k='name' v='hob' />
  </node>
  <node id='-177910298' action='modify' lat='56.64598014873' lon='9.78267341584' />
  <node id='-177910299' action='modify' lat='56.6488291749' lon='9.78209942311' />
  <node id='-177910300' action='modify' lat='56.64928039843' lon='9.78188484639' />
  <node id='-177910301' action='modify' lat='56.65661497193' lon='9.78438533708' />
  <node id='-177910302' action='modify' lat='56.65896860413' lon='9.78750675783' />
  <node id='-177910303' action='modify' lat='56.66213947355' lon='9.79636609286' />
  <node id='-177910304' action='modify' lat='56.66250356832' lon='9.79897856444' />
  <node id='-177910305' action='modify' lat='56.66954155123' lon='9.81194972724' />
  <node id='-177910306' action='modify' lat='56.67519898896' lon='9.81466948718' />
  <node id='-177910307' action='modify' lat='56.67908826015' lon='9.81744825706' />
  <node id='-177910308' action='modify' lat='56.68202391928' lon='9.82042550907' />
  <node id='-177910309' action='modify' lat='56.6838640233' lon='9.82264369458' />
  <node id='-177910310' action='modify' lat='56.68519947757' lon='9.82445418701' />
  <node id='-177910311' action='modify' lat='56.69272001199' lon='9.83166664571' />
  <node id='-177910312' action='modify' lat='56.69798960343' lon='9.83506768674' />
  <node id='-177910313' action='modify' lat='56.70176166457' lon='9.83630552754' />
  <node id='-177910314' action='modify' lat='56.70266431158' lon='9.83630418643' />
  <node id='-177910315' action='modify' lat='56.7073516906' lon='9.83803689346' />
  <node id='-177910316' action='modify' lat='56.708556754' lon='9.83897566661' />
  <node id='-177910317' action='modify' lat='56.71068565184' lon='9.84033064129'>
    <tag k='name' v='doe' />
  </node>
  <node id='-177910318' action='modify' lat='56.71168296639' lon='9.84080090985' />
  <node id='-177910319' action='modify' lat='56.73407780383' lon='9.85041796893' />
  <node id='-177910320' action='modify' lat='56.73520330039' lon='9.85084712371'>
    <tag k='name' v='hva' />
  </node>
  <node id='-177910321' action='modify' lat='56.73656120812' lon='9.85118910603' />
  <node id='-177910322' action='modify' lat='56.76221835754' lon='9.8564898216' />
  <node id='-177910323' action='modify' lat='56.76561076064' lon='9.8577745457' />
  <node id='-177910324' action='modify' lat='56.76760095801' lon='9.85892325506' />
  <node id='-177910325' action='modify' lat='56.76899177047' lon='9.85979465751'>
    <tag k='name' v='ard' />
  </node>
  <node id='-177910326' action='modify' lat='56.76943320336' lon='9.86007124051' />
  <node id='-177910327' action='modify' lat='56.77340019022' lon='9.86193805665' />
  <node id='-177910328' action='modify' lat='56.78552489695' lon='9.86613169178' />
  <node id='-177910329' action='modify' lat='56.78841552705' lon='9.86776247486' />
  <node id='-177910330' action='modify' lat='56.79396256218' lon='9.87205535039' />
  <node id='-177910331' action='modify' lat='56.79907697718' lon='9.87427756056' />
  <node id='-177910332' action='modify' lat='56.80163759464' lon='9.8744679974' />
  <node id='-177910333' action='modify' lat='56.80291100389' lon='9.87463892027'>
    <tag k='name' v='mos' />
  </node>
  <node id='-177910334' action='modify' lat='56.80470393708' lon='9.87516537175' />
  <node id='-177910335' action='modify' lat='56.82887343888' lon='9.88393753633' />
  <node id='-177910336' action='modify' lat='56.83143789087' lon='9.88503858313' />
  <node id='-177910337' action='modify' lat='56.83578467787' lon='9.88715739033'>
    <tag k='name' v='sko' />
  </node>
  <node id='-177910338' action='modify' lat='56.83659955678' lon='9.88755462403' />
  <node id='-177910339' action='modify' lat='56.83992391075' lon='9.88850399718' />
  <node id='-177910340' action='modify' lat='56.84065966158' lon='9.88855093583' />
  <node id='-177910341' action='modify' lat='56.84336707076' lon='9.88815128669' />
  <node id='-177910342' action='modify' lat='56.85026270988' lon='9.8859304136' />
  <node id='-177910343' action='modify' lat='56.8535729255' lon='9.88556563586' />
  <node id='-177910344' action='modify' lat='56.85606896111' lon='9.88586604327' />
  <node id='-177910345' action='modify' lat='56.86219102393' lon='9.88244354188' />
  <node id='-177910346' action='modify' lat='56.8644196454' lon='9.8791766113' />
  <node id='-177910347' action='modify' lat='56.86765530729' lon='9.87196951836' />
  <node id='-177910348' action='modify' lat='56.87175556229' lon='9.85637783736' />
  <node id='-177910349' action='modify' lat='56.87632732216' lon='9.84858602017'>
    <tag k='name' v='sto.ys' />
  </node>
  <node id='-177910350' action='modify' lat='56.87649880724' lon='9.84846532077' />
  <node id='-177910351' action='modify' lat='56.87833672618' lon='9.84762310714' />
  <node id='-177910352' action='modify' lat='56.89243966284' lon='9.84382262585'>
    <tag k='name' v='sto' />
  </node>
  <node id='-177910353' action='modify' lat='56.8944505547' lon='9.84328061074' />
  <node id='-177910354' action='modify' lat='56.90464833399' lon='9.84631553024' />
  <node id='-177910355' action='modify' lat='56.9121083136' lon='9.85323381477'>
    <tag k='name' v='ann' />
  </node>
  <node id='-177910356' action='modify' lat='56.92579962435' lon='9.86593454942' />
  <node id='-177910357' action='modify' lat='56.92679798941' lon='9.86693656169' />
  <node id='-177910358' action='modify' lat='56.928525023' lon='9.86895471677' />
  <node id='-177910359' action='modify' lat='56.92917888606' lon='9.86993425997'>
    <tag k='name' v='ell' />
  </node>
  <node id='-177910360' action='modify' lat='56.92965566836' lon='9.87064853176' />
  <node id='-177910361' action='modify' lat='56.93508375255' lon='9.87508892879' />
  <node id='-177910362' action='modify' lat='56.94226900492' lon='9.87717971072' />
  <node id='-177910363' action='modify' lat='56.95019305248' lon='9.874437152' />
  <node id='-177910364' action='modify' lat='56.96305607645' lon='9.86014634237' />
  <node id='-177910365' action='modify' lat='56.97047893868' lon='9.85607685953' />
  <node id='-177910366' action='modify' lat='56.97057519906' lon='9.85607523629' />
  <node id='-177910367' action='modify' lat='56.97243838347' lon='9.85621824726'>
    <tag k='name' v='sve' />
  </node>
  <node id='-177910368' action='modify' lat='56.97513917842' lon='9.85661789641' />
  <node id='-177910369' action='modify' lat='56.97903835688' lon='9.8580743359' />
  <node id='-177910370' action='modify' lat='56.98693193825' lon='9.86301764712' />
  <node id='-177910371' action='modify' lat='56.99201708457' lon='9.86883401737' />
  <node id='-177910372' action='modify' lat='57.00840513773' lon='9.89879539213'>
    <tag k='name' v='ska.t' />
  </node>
  <node id='-177910373' action='modify' lat='57.01051324942' lon='9.90265049476'>
    <tag k='name' v='ska' />
  </node>
  <node id='-177910374' action='modify' lat='57.01133649704' lon='9.90415602654' />
  <node id='-177910375' action='modify' lat='57.02142350727' lon='9.9117319259' />
  <node id='-177910376' action='modify' lat='57.02413461824' lon='9.91175740689' />
  <node id='-177910377' action='modify' lat='57.02625577506' lon='9.91194784373' />
  <node id='-177910378' action='modify' lat='57.03151361913' lon='9.91287052497' />
  <node id='-177910379' action='modify' lat='57.03557837868' lon='9.91485267609' />
  <node id='-177910380' action='modify' lat='57.0379717809' lon='9.91686969727' />
  <node id='-177910381' action='modify' lat='57.04019721476' lon='9.91789966553' />
  <node id='-177910382' action='modify' lat='57.04290695653' lon='9.91686701506'>
    <tag k='name' v='aal' />
  </node>
  <node id='-177910383' action='modify' lat='57.04464768259' lon='9.91539984673' />
  <node id='-177910384' action='modify' lat='57.04526778742' lon='9.91474270552' />
  <node id='-177910385' action='modify' lat='57.0458207663' lon='9.91421162814' />
  <node id='-177910386' action='modify' lat='57.04677642277' lon='9.91338282555' />
  <node id='-177910387' action='modify' lat='57.04781959223' lon='9.91233139962' />
  <node id='-177910388' action='modify' lat='57.04882625946' lon='9.91116732091' />
  <node id='-177910389' action='modify' lat='57.05221115912' lon='9.90879759125' />
  <node id='-177910390' action='modify' lat='57.05310859808' lon='9.90843456045'>
    <tag k='name' v='ave' />
  </node>
  <node id='-177910391' action='modify' lat='57.05374613419' lon='9.90817665987' />
  <node id='-177910392' action='modify' lat='57.05612092741' lon='9.90856523634'>
    <tag k='name' v='lfs' />
  </node>
  <node id='-177910393' action='modify' lat='57.05627985336' lon='9.90869834885' />
  <node id='-177910394' action='modify' lat='57.05984012133' lon='9.91181209791'>
    <tag k='name' v='lfn' />
  </node>
  <node id='-177910395' action='modify' lat='57.06002906069' lon='9.91197734937' />
  <node id='-177910396' action='modify' lat='57.0621860879' lon='9.91183519095' />
  <node id='-177910397' action='modify' lat='57.0626381871' lon='9.91141408414' />
  <node id='-177910398' action='modify' lat='57.06399736756' lon='9.90976452694' />
  <node id='-177910399' action='modify' lat='57.06476422752' lon='9.90850560707'>
    <tag k='name' v='lin' />
  </node>
  <node id='-177910400' action='modify' lat='57.06540899735' lon='9.907447097' />
  <node id='-177910401' action='modify' lat='57.06607833576' lon='9.90636884898' />
  <node id='-177910402' action='modify' lat='57.06678138926' lon='9.9052649362' />
  <node id='-177910403' action='modify' lat='57.0672137287' lon='9.90456289477' />
  <node id='-177910404' action='modify' lat='57.06870745018' lon='9.90203976363' />
  <node id='-177910405' action='modify' lat='57.07369904626' lon='9.89756315813' />
  <node id='-177910406' action='modify' lat='57.0742429589' lon='9.89739412843' />
  <node id='-177910407' action='modify' lat='57.07558903769' lon='9.89703373791' />
  <node id='-177910408' action='modify' lat='57.07718190462' lon='9.89662974804' />
  <node id='-177910409' action='modify' lat='57.08273025569' lon='9.89773683183' />
  <node id='-177910410' action='modify' lat='57.08785149575' lon='9.90143760905' />
  <node id='-177910411' action='modify' lat='57.09000508335' lon='9.90319982104' />
  <node id='-177910412' action='modify' lat='57.10177346508' lon='9.9139145755' />
  <node id='-177910413' action='modify' lat='57.10234891151' lon='9.91446644001' />
  <node id='-177910414' action='modify' lat='57.11488728421' lon='9.92695214952'>
    <tag k='name' v='hvo' />
  </node>
  <node id='-177910415' action='modify' lat='57.12022991559' lon='9.93227362499' />
  <node id='-177910416' action='modify' lat='57.12237070227' lon='9.93419609897' />
  <node id='-177910417' action='modify' lat='57.12504350959' lon='9.93635728821' />
  <node id='-177910418' action='modify' lat='57.12728046759' lon='9.93802159891' />
  <node id='-177910419' action='modify' lat='57.13039727907' lon='9.94014322624' />
  <node id='-177910420' action='modify' lat='57.13359534113' lon='9.94199529156' />
  <node id='-177910421' action='modify' lat='57.13446868284' lon='9.94241371617' />
  <node id='-177910422' action='modify' lat='57.13708712888' lon='9.94390502438' />
  <node id='-177910423' action='modify' lat='57.14098461709' lon='9.94644507632' />
  <node id='-177910424' action='modify' lat='57.14664164832' lon='9.94796186551' />
  <node id='-177910425' action='modify' lat='57.16756087675' lon='9.9462394947'>
    <tag k='name' v='sul' />
  </node>
  <node id='-177910426' action='modify' lat='57.19651027875' lon='9.94385435659'>
    <tag k='name' v='tyl' />
  </node>
  <node id='-177910427' action='modify' lat='57.21325307572' lon='9.94247406587' />
  <node id='-177910428' action='modify' lat='57.2208224849' lon='9.94345173106' />
  <node id='-177910429' action='modify' lat='57.22176056523' lon='9.94373068079' />
  <node id='-177910430' action='modify' lat='57.22412671607' lon='9.94430333242' />
  <node id='-177910431' action='modify' lat='57.22849923061' lon='9.94495645031' />
  <node id='-177910432' action='modify' lat='57.23335681057' lon='9.94533665411' />
  <node id='-177910433' action='modify' lat='57.24774722995' lon='9.94763999909' />
  <node id='-177910434' action='modify' lat='57.25092351671' lon='9.94781408135' />
  <node id='-177910435' action='modify' lat='57.253567144' lon='9.94767793731' />
  <node id='-177910436' action='modify' lat='57.25670012519' lon='9.94742944703' />
  <node id='-177910437' action='modify' lat='57.25764164523' lon='9.94731411204' />
  <node id='-177910438' action='modify' lat='57.26099479856' lon='9.94675487213' />
  <node id='-177910439' action='modify' lat='57.26163340845' lon='9.9466194199' />
  <node id='-177910440' action='modify' lat='57.2664949637' lon='9.94462922081' />
  <node id='-177910441' action='modify' lat='57.27016894655' lon='9.94235572675'>
    <tag k='name' v='bro' />
  </node>
  <node id='-177910442' action='modify' lat='57.2743594105' lon='9.93976235256' />
  <node id='-177910443' action='modify' lat='57.27753125327' lon='9.93847354978' />
  <node id='-177910444' action='modify' lat='57.27904929009' lon='9.9381986247' />
  <node id='-177910445' action='modify' lat='57.28322320813' lon='9.93646055326' />
  <node id='-177910446' action='modify' lat='57.29719129942' lon='9.92759719357' />
  <node id='-177910447' action='modify' lat='57.30185870897' lon='9.9261581891' />
  <node id='-177910448' action='modify' lat='57.32583630973' lon='9.92612023201'>
    <tag k='name' v='emm' />
  </node>
  <node id='-177910449' action='modify' lat='57.32981453735' lon='9.92611393198' />
  <node id='-177910450' action='modify' lat='57.33693877876' lon='9.92781579427' />
  <node id='-177910451' action='modify' lat='57.34311219746' lon='9.93085875973' />
  <node id='-177910452' action='modify' lat='57.34700099023' lon='9.93381388418' />
  <node id='-177910453' action='modify' lat='57.35136110098' lon='9.93858888678' />
  <node id='-177910454' action='modify' lat='57.35413636844' lon='9.94151383504' />
  <node id='-177910455' action='modify' lat='57.35468664556' lon='9.94204903807'>
    <tag k='name' v='vra' />
  </node>
  <node id='-177910456' action='modify' lat='57.35510433456' lon='9.94245529041' />
  <node id='-177910457' action='modify' lat='57.36023456287' lon='9.94536280498' />
  <node id='-177910458' action='modify' lat='57.38327041974' lon='9.95108400698'>
    <tag k='name' v='gun' />
  </node>
  <node id='-177910459' action='modify' lat='57.40712311132' lon='9.95701186778'>
    <tag k='name' v='has' />
  </node>
  <node id='-177910460' action='modify' lat='57.41529951777' lon='9.95904475316' />
  <node id='-177910461' action='modify' lat='57.42000320523' lon='9.96135815844' />
  <node id='-177910462' action='modify' lat='57.4383109932' lon='9.97435346112' />
  <node id='-177910463' action='modify' lat='57.44372692181' lon='9.97611701354' />
  <node id='-177910464' action='modify' lat='57.44976115791' lon='9.97591182455' />
  <node id='-177910465' action='modify' lat='57.45038458598' lon='9.975956081' />
  <node id='-177910466' action='modify' lat='57.45192435005' lon='9.97603386506' />
  <node id='-177910467' action='modify' lat='57.45550726138' lon='9.97995257244' />
  <node id='-177910468' action='modify' lat='57.45554982708' lon='9.98009875283' />
  <node id='-177910469' action='modify' lat='57.45640473758' lon='9.98604722254'>
    <tag k='name' v='hjo' />
  </node>
  <node id='-177910470' action='modify' lat='57.45641916665' lon='9.98828083143' />
  <node id='-177910471' action='modify' lat='57.45621572212' lon='9.99196618527' />
  <node id='-177910472' action='modify' lat='57.45547696034' lon='9.99899491534' />
  <node id='-177910473' action='modify' lat='57.45530236814' lon='10.00076517329' />
  <node id='-177910474' action='modify' lat='57.4547996993' lon='10.00594273765'>
    <tag k='name' v='hos' />
  </node>
  <node id='-177910475' action='modify' lat='57.45468768154' lon='10.00709652767' />
  <node id='-177910476' action='modify' lat='57.45442434433' lon='10.01687988505' />
  <node id='-177910477' action='modify' lat='57.45452318619' lon='10.01886740193' />
  <node id='-177910478' action='modify' lat='57.45464295042' lon='10.02265870437' />
  <node id='-177910479' action='modify' lat='57.4548168243' lon='10.03249972925' />
  <node id='-177910480' action='modify' lat='57.4548211531' lon='10.03546960518' />
  <node id='-177910481' action='modify' lat='57.4548124955' lon='10.03641843662' />
  <node id='-177910482' action='modify' lat='57.45482403896' lon='10.03983288869' />
  <node id='-177910483' action='modify' lat='57.45497698955' lon='10.04847228393' />
  <node id='-177910484' action='modify' lat='57.45506645091' lon='10.05132347211' />
  <node id='-177910485' action='modify' lat='57.45513138241' lon='10.05279600486' />
  <node id='-177910486' action='modify' lat='57.45522589361' lon='10.05578666791' />
  <node id='-177910487' action='modify' lat='57.45561908643' lon='10.07864981756' />
  <node id='-177910488' action='modify' lat='57.45529948231' lon='10.08507907256' />
  <node id='-177910489' action='modify' lat='57.45276275102' lon='10.1086851941' />
  <node id='-177910490' action='modify' lat='57.45230170501' lon='10.11467054352' />
  <node id='-177910491' action='modify' lat='57.45190414738' lon='10.12316375837' />
  <node id='-177910492' action='modify' lat='57.45203147292' lon='10.12933781795'>
    <tag k='name' v='sos' />
  </node>
  <node id='-177910493' action='modify' lat='57.45226346463' lon='10.13124525413' />
  <node id='-177910494' action='modify' lat='57.45435003239' lon='10.14608725771' />
  <node id='-177910495' action='modify' lat='57.45535214828' lon='10.15122301809' />
  <node id='-177910496' action='modify' lat='57.46087808476' lon='10.17291739449' />
  <node id='-177910497' action='modify' lat='57.46264317805' lon='10.17875388198' />
  <node id='-177910498' action='modify' lat='57.468233642' lon='10.19473850593' />
  <node id='-177910499' action='modify' lat='57.4700979014' lon='10.20287632808' />
  <node id='-177910500' action='modify' lat='57.47015176158' lon='10.2033256841'>
    <tag k='name' v='sin' />
  </node>
  <node id='-177910501' action='modify' lat='57.47041521267' lon='10.20552366838' />
  <node id='-177910502' action='modify' lat='57.4708118479' lon='10.20897567138' />
  <node id='-177910503' action='modify' lat='57.47280938167' lon='10.22839084134' />
  <node id='-177910504' action='modify' lat='57.47297667918' lon='10.23716971144' />
  <node id='-177910505' action='modify' lat='57.47120054624' lon='10.26541471347' />
  <node id='-177910506' action='modify' lat='57.47480695395' lon='10.28770646431' />
  <node id='-177910507' action='modify' lat='57.47503558362' lon='10.28822975019' />
  <node id='-177910508' action='modify' lat='57.47791305286' lon='10.29387764566' />
  <node id='-177910509' action='modify' lat='57.48251713826' lon='10.30173383586' />
  <node id='-177910510' action='modify' lat='57.48579546922' lon='10.31204864443'>
    <tag k='name' v='tol' />
  </node>
  <node id='-177910511' action='modify' lat='57.48606821802' lon='10.32059445843' />
  <node id='-177910512' action='modify' lat='57.48565588953' lon='10.33093169197' />
  <node id='-177910513' action='modify' lat='57.48587863399' lon='10.33649593458' />
  <node id='-177910514' action='modify' lat='57.4860278504' lon='10.33774316177' />
  <node id='-177910515' action='modify' lat='57.48445203671' lon='10.35163432226' />
  <node id='-177910516' action='modify' lat='57.48381837608' lon='10.35320207343' />
  <node id='-177910517' action='modify' lat='57.48278027348' lon='10.35626783833' />
  <node id='-177910518' action='modify' lat='57.4825380453' lon='10.35710736975' />
  <node id='-177910519' action='modify' lat='57.48091666111' lon='10.36131173238' />
  <node id='-177910520' action='modify' lat='57.47946247276' lon='10.36424338683' />
  <node id='-177910521' action='modify' lat='57.47743934563' lon='10.36988407306' />
  <node id='-177910522' action='modify' lat='57.47595185095' lon='10.37601291999' />
  <node id='-177910523' action='modify' lat='57.47498418958' lon='10.38115605578' />
  <node id='-177910524' action='modify' lat='57.4740878902' lon='10.38734391198' />
  <node id='-177910525' action='modify' lat='57.47369633819' lon='10.39526313409' />
  <node id='-177910526' action='modify' lat='57.47383046145' lon='10.39814784989' />
  <node id='-177910527' action='modify' lat='57.4732463727' lon='10.40643587574' />
  <node id='-177910528' action='modify' lat='57.47230716288' lon='10.41073544434' />
  <node id='-177910529' action='modify' lat='57.47206761684' lon='10.4118615171' />
  <node id='-177910530' action='modify' lat='57.47190976546' lon='10.41265488752'>
    <tag k='name' v='kvi' />
  </node>
  <node id='-177910531' action='modify' lat='57.47130605355' lon='10.4156891478' />
  <node id='-177910532' action='modify' lat='57.47073300054' lon='10.41848150145' />
  <node id='-177910533' action='modify' lat='57.47003732312' lon='10.4217693948' />
  <node id='-177910534' action='modify' lat='57.46894690373' lon='10.42839243874' />
  <node id='-177910535' action='modify' lat='57.46509411521' lon='10.46005859837' />
  <node id='-177910536' action='modify' lat='57.46446277548' lon='10.46432451627'>
    <tag k='name' v='elg' />
  </node>
  <node id='-177910537' action='modify' lat='57.46427907795' lon='10.46538144216' />
  <node id='-177910538' action='modify' lat='57.45885681441' lon='10.4957708703' />
  <node id='-177910539' action='modify' lat='57.4583705971' lon='10.49924835294' />
  <node id='-177910540' action='modify' lat='57.45736856284' lon='10.50897404417'>
    <tag k='name' v='fre.yg' />
  </node>
  <node id='-177910541' action='modify' lat='57.45761312216' lon='10.51755308971' />
  <node id='-177910542' action='modify' lat='57.45777399657' lon='10.51852404937' />
  <node id='-177910543' action='modify' lat='57.45672288954' lon='10.53520336613' />
  <node id='-177910544' action='modify' lat='57.45656345337' lon='10.53567811713' />
  <node id='-177910545' action='modify' lat='57.45187673017' lon='10.54167955846' />
  <node id='-177910546' action='modify' lat='57.45019409592' lon='10.54225623339' />
  <node id='-177910547' action='modify' lat='57.44669292955' lon='10.54225086898' />
  <node id='-177910548' action='modify' lat='57.44113018914' lon='10.54037417148'>
    <tag k='name' v='fre' />
  </node>
  <node id='-177910549' action='modify' lat='55.85659980673' lon='9.82528566241' />
  <node id='-177910550' action='modify' lat='55.85659660655' lon='9.828702092' />
  <node id='-177910551' action='modify' lat='55.85665197423' lon='9.82908416289' />
  <node id='-177910552' action='modify' lat='56.3686729647' lon='9.90032314181' />
  <node id='-177910553' action='modify' lat='56.37990788058' lon='9.89501236796' />
  <node id='-177910554' action='modify' lat='56.60852908402' lon='9.72250878274' />
  <node id='-177910555' action='modify' lat='56.61647646618' lon='9.72912658624'>
    <tag k='name' v='ols' />
  </node>
  <node id='-177910556' action='modify' lat='56.61737916854' lon='9.73307668626' />
  <node id='-177910557' action='modify' lat='56.61780420378' lon='9.73549603879' />
  <node id='-177910558' action='modify' lat='56.46429466581' lon='10.00483734455'>
    <tag k='name' v='ran.yf' />
  </node>
  <node id='-177910559' action='modify' lat='56.46429253376' lon='10.0053745725' />
  <node id='-177910560' action='modify' lat='56.46875533755' lon='9.99317048907' />
  <node id='-177910561' action='modify' lat='56.47071696478' lon='9.99163626552' />
  <node id='-177910562' action='modify' lat='56.57392331377' lon='9.75507294195' />
  <node id='-177910563' action='modify' lat='56.57603344457' lon='9.74899559945'>
    <tag k='name' v='son' />
  </node>
  <node id='-177910564' action='modify' lat='56.57964266052' lon='9.74345147341' />
  <node id='-177910565' action='modify' lat='56.58288815356' lon='9.74095164657' />
  <node id='-177910566' action='modify' lat='56.44684716386' lon='9.96824371174' />
  <node id='-177910567' action='modify' lat='56.45007628221' lon='9.97150896907' />
  <node id='-177910568' action='modify' lat='56.4581928112' lon='9.98191594005' />
  <node id='-177910569' action='modify' lat='56.46183253193' lon='9.9902629745' />
  <node id='-177910570' action='modify' lat='56.46323734712' lon='9.99633549571' />
  <node id='-177910571' action='modify' lat='56.14502555387' lon='10.17764421069' />
  <node id='-177910572' action='modify' lat='56.14820662881' lon='10.18776174674' />
  <node id='-177910573' action='modify' lat='56.14765778683' lon='10.18351345986' />
  <node id='-177910574' action='modify' lat='56.14935060639' lon='10.1919141385' />
  <node id='-177910575' action='modify' lat='56.14939841663' lon='10.19902467459' />
  <node id='-177910576' action='modify' lat='56.14962700851' lon='10.20238548249' />
  <node id='-177910577' action='modify' lat='56.15002890858' lon='10.20486652583'>
    <tag k='name' v='aar' />
  </node>
  <node id='-177910578' action='modify' lat='57.45736856284' lon='10.50897404417'>
    <tag k='name' v='fre.yg' />
  </node>
  <node id='-177910579' action='modify' lat='57.45561442049' lon='10.52599901505' />
  <node id='-177910580' action='modify' lat='57.44998102358' lon='10.53761547023' />
  <node id='-177910581' action='modify' lat='57.44988614642' lon='10.53764997147' />
  <node id='-177910582' action='modify' lat='57.44521212251' lon='10.53718685567' />
  <node id='-177910583' action='modify' lat='57.4416937845' lon='10.53473749695'>
    <tag k='name' v='fre' />
  </node>
  <node id='-177910584' action='modify' lat='56.46429467907' lon='10.00483734129'>
    <tag k='name' v='ran.yf' />
  </node>
  <node id='-177910585' action='modify' lat='56.46429465194' lon='10.00484610064' />
  <node id='-177910586' action='modify' lat='56.46385064868' lon='10.01026420778'>
    <tag k='name' v='ran.ys' />
  </node>
  <node id='-177910587' action='modify' lat='56.46384186554' lon='10.01031278049' />
  <node id='-177910588' action='modify' lat='56.84658531831' lon='9.88711483914'>
    <tag k='name' v='sko.yo' />
  </node>
  <node id='-177910589' action='modify' lat='56.85966166947' lon='9.87463026971' />
  <node id='-177910590' action='modify' lat='56.87283442488' lon='9.8523142907' />
  <node id='-177910591' action='modify' lat='56.85631092985' lon='9.87955748767' />
  <node id='-177910592' action='modify' lat='56.85592231262' lon='9.88002687424' />
  <way id='-38557027' action='modify'>
    <nd ref='-177909893' />
    <nd ref='-177909894' />
    <tag k='type' v='straight' />
  </way>
  <way id='-38557028' action='modify'>
    <nd ref='-177909894' />
    <nd ref='-177909895' />
    <nd ref='-177909896' />
    <tag k='type' v='curved' />
  </way>
  <way id='-38557029' action='modify'>
    <nd ref='-177909896' />
    <nd ref='-177909897' />
    <tag k='type' v='straight' />
  </way>
  <way id='-38557030' action='modify'>
    <nd ref='-177909897' />
    <nd ref='-177909898' />
    <tag k='type' v='arc' />
  </way>
  <way id='-38557031' action='modify'>
    <nd ref='-177909898' />
    <nd ref='-177909899' />
    <tag k='type' v='straight' />
  </way>
  <way id='-38557032' action='modify'>
    <nd ref='-177909899' />
    <nd ref='-177909900' />
    <tag k='type' v='arc' />
  </way>
  <way id='-38557033' action='modify'>
    <nd ref='-177909900' />
    <nd ref='-177909901' />
    <tag k='type' v='straight' />
  </way>
  <way id='-38557034' action='modify'>
    <nd ref='-177909901' />
    <nd ref='-177909902' />
    <tag k='type' v='arc' />
  </way>
  <way id='-38557035' action='modify'>
    <nd ref='-177909902' />
    <nd ref='-177909903' />
    <tag k='type' v='straight' />
  </way>
  <way id='-38557036' action='modify'>
    <nd ref='-177909903' />
    <nd ref='-177909904' />
  </way>
  <way id='-38557037' action='modify'>
    <nd ref='-177909904' />
    <nd ref='-177909905' />
    <tag k='type' v='straight' />
  </way>
  <way id='-38557038' action='modify'>
    <nd ref='-177909905' />
    <nd ref='-177909906' />
    <nd ref='-177909907' />
  </way>
  <way id='-38557039' action='modify'>
    <nd ref='-177909907' />
    <nd ref='-177909908' />
    <tag k='type' v='straight' />
  </way>
  <way id='-38557040' action='modify'>
    <nd ref='-177909908' />
    <nd ref='-177909909' />
  </way>
  <way id='-38557041' action='modify'>
    <nd ref='-177909909' />
    <nd ref='-177909910' />
    <tag k='type' v='straight' />
  </way>
  <way id='-38557042' action='modify'>
    <nd ref='-177909910' />
    <nd ref='-177909911' />
  </way>
  <way id='-38557043' action='modify'>
    <nd ref='-177909911' />
    <nd ref='-177909912' />
    <tag k='type' v='straight' />
  </way>
  <way id='-38557044' action='modify'>
    <nd ref='-177909912' />
    <nd ref='-177909913' />
  </way>
  <way id='-38557045' action='modify'>
    <nd ref='-177909913' />
    <nd ref='-177909914' />
    <tag k='type' v='straight' />
  </way>
  <way id='-38557046' action='modify'>
    <nd ref='-177909914' />
    <nd ref='-177909915' />
    <nd ref='-177909916' />
  </way>
  <way id='-38557047' action='modify'>
    <nd ref='-177909916' />
    <nd ref='-177909917' />
    <tag k='type' v='straight' />
  </way>
  <way id='-38557048' action='modify'>
    <nd ref='-177909917' />
    <nd ref='-177909918' />
    <nd ref='-177909919' />
  </way>
  <way id='-38557049' action='modify'>
    <nd ref='-177909919' />
    <nd ref='-177909920' />
    <tag k='type' v='straight' />
  </way>
  <way id='-38557050' action='modify'>
    <nd ref='-177909920' />
    <nd ref='-177909921' />
  </way>
  <way id='-38557051' action='modify'>
    <nd ref='-177909921' />
    <nd ref='-177909922' />
    <tag k='type' v='straight' />
  </way>
  <way id='-38557052' action='modify'>
    <nd ref='-177909922' />
    <nd ref='-177909923' />
  </way>
  <way id='-38557053' action='modify'>
    <nd ref='-177909923' />
    <nd ref='-177909924' />
    <tag k='type' v='straight' />
  </way>
  <way id='-38557054' action='modify'>
    <nd ref='-177909924' />
    <nd ref='-177909925' />
    <nd ref='-177909926' />
    <nd ref='-177909927' />
  </way>
  <way id='-38557055' action='modify'>
    <nd ref='-177909927' />
    <nd ref='-177909928' />
    <tag k='type' v='straight' />
  </way>
  <way id='-38557056' action='modify'>
    <nd ref='-177909928' />
    <nd ref='-177909929' />
  </way>
  <way id='-38557057' action='modify'>
    <nd ref='-177909929' />
    <nd ref='-177909930' />
    <tag k='type' v='straight' />
  </way>
  <way id='-38557058' action='modify'>
    <nd ref='-177909930' />
    <nd ref='-177909931' />
  </way>
  <way id='-38557059' action='modify'>
    <nd ref='-177909931' />
    <nd ref='-177909932' />
    <tag k='type' v='straight' />
  </way>
  <way id='-38557060' action='modify'>
    <nd ref='-177909932' />
    <nd ref='-177909933' />
  </way>
  <way id='-38557061' action='modify'>
    <nd ref='-177909933' />
    <nd ref='-177909934' />
    <tag k='type' v='straight' />
  </way>
  <way id='-38557062' action='modify'>
    <nd ref='-177909934' />
    <nd ref='-177909935' />
    <nd ref='-177909936' />
  </way>
  <way id='-38557063' action='modify'>
    <nd ref='-177909936' />
    <nd ref='-177909937' />
    <tag k='type' v='straight' />
  </way>
  <way id='-38557064' action='modify'>
    <nd ref='-177909937' />
    <nd ref='-177909938' />
  </way>
  <way id='-38557065' action='modify'>
    <nd ref='-177909938' />
    <nd ref='-177909939' />
    <tag k='type' v='straight' />
  </way>
  <way id='-38557066' action='modify'>
    <nd ref='-177909939' />
    <nd ref='-177909940' />
  </way>
  <way id='-38557067' action='modify'>
    <nd ref='-177909940' />
    <nd ref='-177909941' />
    <tag k='type' v='straight' />
  </way>
  <way id='-38557068' action='modify'>
    <nd ref='-177909941' />
    <nd ref='-177909942' />
  </way>
  <way id='-38557069' action='modify'>
    <nd ref='-177909942' />
    <nd ref='-177909943' />
    <tag k='type' v='straight' />
  </way>
  <way id='-38557070' action='modify'>
    <nd ref='-177909943' />
    <nd ref='-177909944' />
  </way>
  <way id='-38557071' action='modify'>
    <nd ref='-177909944' />
    <nd ref='-177909945' />
    <tag k='type' v='straight' />
  </way>
  <way id='-38557072' action='modify'>
    <nd ref='-177909945' />
    <nd ref='-177909946' />
    <nd ref='-177909947' />
    <nd ref='-177909948' />
    <nd ref='-177909949' />
  </way>
  <way id='-38557073' action='modify'>
    <nd ref='-177909949' />
    <nd ref='-177909950' />
    <nd ref='-177909951' />
    <tag k='type' v='straight' />
  </way>
  <way id='-38557074' action='modify'>
    <nd ref='-177909951' />
    <nd ref='-177909952' />
  </way>
  <way id='-38557075' action='modify'>
    <nd ref='-177909952' />
    <nd ref='-177909953' />
    <tag k='type' v='straight' />
  </way>
  <way id='-38557076' action='modify'>
    <nd ref='-177909953' />
    <nd ref='-177909954' />
  </way>
  <way id='-38557077' action='modify'>
    <nd ref='-177909954' />
    <nd ref='-177909955' />
    <tag k='type' v='straight' />
  </way>
  <way id='-38557078' action='modify'>
    <nd ref='-177909955' />
    <nd ref='-177909956' />
  </way>
  <way id='-38557079' action='modify'>
    <nd ref='-177909956' />
    <nd ref='-177909957' />
    <tag k='type' v='straight' />
  </way>
  <way id='-38557080' action='modify'>
    <nd ref='-177909957' />
    <nd ref='-177909958' />
  </way>
  <way id='-38557081' action='modify'>
    <nd ref='-177909958' />
    <nd ref='-177909959' />
    <tag k='type' v='straight' />
  </way>
  <way id='-38557082' action='modify'>
    <nd ref='-177909959' />
    <nd ref='-177909960' />
  </way>
  <way id='-38557083' action='modify'>
    <nd ref='-177909960' />
    <nd ref='-177909961' />
    <tag k='type' v='straight' />
  </way>
  <way id='-38557084' action='modify'>
    <nd ref='-177909961' />
    <nd ref='-177909962' />
  </way>
  <way id='-38557085' action='modify'>
    <nd ref='-177909962' />
    <nd ref='-177909963' />
    <tag k='type' v='straight' />
  </way>
  <way id='-38557086' action='modify'>
    <nd ref='-177909963' />
    <nd ref='-177909964' />
  </way>
  <way id='-38557087' action='modify'>
    <nd ref='-177909964' />
    <nd ref='-177909965' />
    <tag k='type' v='straight' />
  </way>
  <way id='-38557088' action='modify'>
    <nd ref='-177909965' />
    <nd ref='-177909966' />
  </way>
  <way id='-38557089' action='modify'>
    <nd ref='-177909966' />
    <nd ref='-177909967' />
    <tag k='type' v='straight' />
  </way>
  <way id='-38557090' action='modify'>
    <nd ref='-177909967' />
    <nd ref='-177909968' />
  </way>
  <way id='-38557091' action='modify'>
    <nd ref='-177909968' />
    <nd ref='-177909969' />
    <tag k='type' v='straight' />
  </way>
  <way id='-38557092' action='modify'>
    <nd ref='-177909969' />
    <nd ref='-177909970' />
  </way>
  <way id='-38557093' action='modify'>
    <nd ref='-177909970' />
    <nd ref='-177909971' />
    <tag k='type' v='straight' />
  </way>
  <way id='-38557094' action='modify'>
    <nd ref='-177909971' />
    <nd ref='-177909972' />
  </way>
  <way id='-38557095' action='modify'>
    <nd ref='-177909972' />
    <nd ref='-177909973' />
    <tag k='type' v='straight' />
  </way>
  <way id='-38557096' action='modify'>
    <nd ref='-177909973' />
    <nd ref='-177909974' />
  </way>
  <way id='-38557097' action='modify'>
    <nd ref='-177909974' />
    <nd ref='-177909975' />
    <tag k='type' v='straight' />
  </way>
  <way id='-38557098' action='modify'>
    <nd ref='-177909975' />
    <nd ref='-177909976' />
  </way>
  <way id='-38557099' action='modify'>
    <nd ref='-177909976' />
    <nd ref='-177909977' />
    <tag k='type' v='straight' />
  </way>
  <way id='-38557100' action='modify'>
    <nd ref='-177909977' />
    <nd ref='-177909978' />
  </way>
  <way id='-38557101' action='modify'>
    <nd ref='-177909978' />
    <nd ref='-177909979' />
    <tag k='type' v='straight' />
  </way>
  <way id='-38557102' action='modify'>
    <nd ref='-177909979' />
    <nd ref='-177909980' />
    <nd ref='-177909981' />
  </way>
  <way id='-38557103' action='modify'>
    <nd ref='-177909981' />
    <nd ref='-177909982' />
    <nd ref='-177909983' />
    <tag k='type' v='straight' />
  </way>
  <way id='-38557104' action='modify'>
    <nd ref='-177909983' />
    <nd ref='-177909984' />
  </way>
  <way id='-38557105' action='modify'>
    <nd ref='-177909984' />
    <nd ref='-177909985' />
    <nd ref='-177909986' />
    <tag k='type' v='straight' />
  </way>
  <way id='-38557106' action='modify'>
    <nd ref='-177909986' />
    <nd ref='-177909987' />
  </way>
  <way id='-38557107' action='modify'>
    <nd ref='-177909987' />
    <nd ref='-177909988' />
    <tag k='type' v='straight' />
  </way>
  <way id='-38557108' action='modify'>
    <nd ref='-177909988' />
    <nd ref='-177909989' />
  </way>
  <way id='-38557109' action='modify'>
    <nd ref='-177909989' />
    <nd ref='-177909990' />
    <nd ref='-177909991' />
    <tag k='type' v='straight' />
  </way>
  <way id='-38557110' action='modify'>
    <nd ref='-177909991' />
    <nd ref='-177909992' />
  </way>
  <way id='-38557111' action='modify'>
    <nd ref='-177909992' />
    <nd ref='-177909993' />
    <tag k='type' v='straight' />
  </way>
  <way id='-38557112' action='modify'>
    <nd ref='-177909993' />
    <nd ref='-177909994' />
    <nd ref='-177909995' />
  </way>
  <way id='-38557113' action='modify'>
    <nd ref='-177909995' />
    <nd ref='-177909996' />
    <tag k='type' v='straight' />
  </way>
  <way id='-38557114' action='modify'>
    <nd ref='-177909996' />
    <nd ref='-177909997' />
  </way>
  <way id='-38557115' action='modify'>
    <nd ref='-177909997' />
    <nd ref='-177909998' />
    <tag k='type' v='straight' />
  </way>
  <way id='-38557116' action='modify'>
    <nd ref='-177909998' />
    <nd ref='-177909999' />
  </way>
  <way id='-38557117' action='modify'>
    <nd ref='-177909999' />
    <nd ref='-177910000' />
    <tag k='type' v='straight' />
  </way>
  <way id='-38557118' action='modify'>
    <nd ref='-177910000' />
    <nd ref='-177910001' />
    <nd ref='-177910002' />
  </way>
  <way id='-38557119' action='modify'>
    <nd ref='-177910002' />
    <nd ref='-177910003' />
    <tag k='type' v='straight' />
  </way>
  <way id='-38557120' action='modify'>
    <nd ref='-177910003' />
    <nd ref='-177910004' />
    <nd ref='-177910005' />
  </way>
  <way id='-38557121' action='modify'>
    <nd ref='-177910005' />
    <nd ref='-177910006' />
    <tag k='type' v='straight' />
  </way>
  <way id='-38557122' action='modify'>
    <nd ref='-177910006' />
    <nd ref='-177910007' />
  </way>
  <way id='-38557123' action='modify'>
    <nd ref='-177910007' />
    <nd ref='-177910008' />
    <tag k='type' v='straight' />
  </way>
  <way id='-38557124' action='modify'>
    <nd ref='-177910008' />
    <nd ref='-177910009' />
  </way>
  <way id='-38557125' action='modify'>
    <nd ref='-177910009' />
    <nd ref='-177910010' />
    <tag k='type' v='straight' />
  </way>
  <way id='-38557126' action='modify'>
    <nd ref='-177910010' />
    <nd ref='-177910011' />
  </way>
  <way id='-38557127' action='modify'>
    <nd ref='-177910011' />
    <nd ref='-177910012' />
    <tag k='type' v='straight' />
  </way>
  <way id='-38557128' action='modify'>
    <nd ref='-177910012' />
    <nd ref='-177910013' />
  </way>
  <way id='-38557129' action='modify'>
    <nd ref='-177910013' />
    <nd ref='-177910014' />
    <tag k='type' v='straight' />
  </way>
  <way id='-38557130' action='modify'>
    <nd ref='-177910014' />
    <nd ref='-177910015' />
  </way>
  <way id='-38557131' action='modify'>
    <nd ref='-177910015' />
    <nd ref='-177910016' />
    <tag k='type' v='straight' />
  </way>
  <way id='-38557132' action='modify'>
    <nd ref='-177910016' />
    <nd ref='-177910017' />
    <nd ref='-177910018' />
  </way>
  <way id='-38557133' action='modify'>
    <nd ref='-177910018' />
    <nd ref='-177910019' />
    <tag k='type' v='straight' />
  </way>
  <way id='-38557134' action='modify'>
    <nd ref='-177910019' />
    <nd ref='-177910020' />
  </way>
  <way id='-38557135' action='modify'>
    <nd ref='-177910020' />
    <nd ref='-177910021' />
    <tag k='type' v='straight' />
  </way>
  <way id='-38557136' action='modify'>
    <nd ref='-177910021' />
    <nd ref='-177910022' />
  </way>
  <way id='-38557137' action='modify'>
    <nd ref='-177910022' />
    <nd ref='-177910023' />
    <tag k='type' v='straight' />
  </way>
  <way id='-38557138' action='modify'>
    <nd ref='-177910023' />
    <nd ref='-177910024' />
  </way>
  <way id='-38557139' action='modify'>
    <nd ref='-177910024' />
    <nd ref='-177910025' />
    <tag k='type' v='straight' />
  </way>
  <way id='-38557140' action='modify'>
    <nd ref='-177910025' />
    <nd ref='-177910026' />
    <nd ref='-177910027' />
  </way>
  <way id='-38557141' action='modify'>
    <nd ref='-177910027' />
    <nd ref='-177910028' />
    <tag k='type' v='straight' />
  </way>
  <way id='-38557142' action='modify'>
    <nd ref='-177910028' />
    <nd ref='-177910029' />
  </way>
  <way id='-38557143' action='modify'>
    <nd ref='-177910029' />
    <nd ref='-177910030' />
    <tag k='type' v='straight' />
  </way>
  <way id='-38557144' action='modify'>
    <nd ref='-177910030' />
    <nd ref='-177910031' />
  </way>
  <way id='-38557145' action='modify'>
    <nd ref='-177910031' />
    <nd ref='-177910032' />
    <tag k='type' v='straight' />
  </way>
  <way id='-38557146' action='modify'>
    <nd ref='-177910032' />
    <nd ref='-177910033' />
    <nd ref='-177910034' />
  </way>
  <way id='-38557147' action='modify'>
    <nd ref='-177910034' />
    <nd ref='-177910035' />
    <tag k='type' v='straight' />
  </way>
  <way id='-38557148' action='modify'>
    <nd ref='-177910035' />
    <nd ref='-177910036' />
  </way>
  <way id='-38557149' action='modify'>
    <nd ref='-177910036' />
    <nd ref='-177910037' />
    <tag k='type' v='straight' />
  </way>
  <way id='-38557150' action='modify'>
    <nd ref='-177910037' />
    <nd ref='-177910038' />
  </way>
  <way id='-38557151' action='modify'>
    <nd ref='-177910038' />
    <nd ref='-177910039' />
    <tag k='type' v='straight' />
  </way>
  <way id='-38557152' action='modify'>
    <nd ref='-177910039' />
    <nd ref='-177910040' />
  </way>
  <way id='-38557153' action='modify'>
    <nd ref='-177910040' />
    <nd ref='-177910041' />
    <nd ref='-177910042' />
    <tag k='type' v='straight' />
  </way>
  <way id='-38557154' action='modify'>
    <nd ref='-177910042' />
    <nd ref='-177910043' />
  </way>
  <way id='-38557155' action='modify'>
    <nd ref='-177910043' />
    <nd ref='-177910044' />
    <tag k='type' v='straight' />
  </way>
  <way id='-38557156' action='modify'>
    <nd ref='-177910044' />
    <nd ref='-177910045' />
  </way>
  <way id='-38557157' action='modify'>
    <nd ref='-177910045' />
    <nd ref='-177910046' />
    <tag k='type' v='straight' />
  </way>
  <way id='-38557158' action='modify'>
    <nd ref='-177910046' />
    <nd ref='-177910047' />
  </way>
  <way id='-38557159' action='modify'>
    <nd ref='-177910047' />
    <nd ref='-177910048' />
    <tag k='type' v='straight' />
  </way>
  <way id='-38557160' action='modify'>
    <nd ref='-177910048' />
    <nd ref='-177910049' />
  </way>
  <way id='-38557161' action='modify'>
    <nd ref='-177910049' />
    <nd ref='-177910050' />
    <tag k='type' v='straight' />
  </way>
  <way id='-38557162' action='modify'>
    <nd ref='-177910050' />
    <nd ref='-177910051' />
  </way>
  <way id='-38557163' action='modify'>
    <nd ref='-177910051' />
    <nd ref='-177910052' />
    <tag k='type' v='straight' />
  </way>
  <way id='-38557164' action='modify'>
    <nd ref='-177910052' />
    <nd ref='-177910053' />
    <nd ref='-177910054' />
  </way>
  <way id='-38557165' action='modify'>
    <nd ref='-177910054' />
    <nd ref='-177910055' />
    <tag k='type' v='straight' />
  </way>
  <way id='-38557166' action='modify'>
    <nd ref='-177910055' />
    <nd ref='-177910056' />
  </way>
  <way id='-38557167' action='modify'>
    <nd ref='-177910056' />
    <nd ref='-177910057' />
    <tag k='type' v='straight' />
  </way>
  <way id='-38557168' action='modify'>
    <nd ref='-177910057' />
    <nd ref='-177910058' />
  </way>
  <way id='-38557169' action='modify'>
    <nd ref='-177910058' />
    <nd ref='-177910059' />
    <tag k='type' v='straight' />
  </way>
  <way id='-38557170' action='modify'>
    <nd ref='-177910059' />
    <nd ref='-177910060' />
    <nd ref='-177910061' />
  </way>
  <way id='-38557171' action='modify'>
    <nd ref='-177910061' />
    <nd ref='-177910062' />
    <tag k='type' v='straight' />
  </way>
  <way id='-38557172' action='modify'>
    <nd ref='-177910062' />
    <nd ref='-177910063' />
  </way>
  <way id='-38557173' action='modify'>
    <nd ref='-177910063' />
    <nd ref='-177910064' />
    <tag k='type' v='straight' />
  </way>
  <way id='-38557174' action='modify'>
    <nd ref='-177910064' />
    <nd ref='-177910065' />
  </way>
  <way id='-38557175' action='modify'>
    <nd ref='-177910065' />
    <nd ref='-177910066' />
    <tag k='type' v='straight' />
  </way>
  <way id='-38557176' action='modify'>
    <nd ref='-177910066' />
    <nd ref='-177910067' />
  </way>
  <way id='-38557177' action='modify'>
    <nd ref='-177910067' />
    <nd ref='-177910068' />
    <tag k='type' v='straight' />
  </way>
  <way id='-38557178' action='modify'>
    <nd ref='-177910068' />
    <nd ref='-177910069' />
  </way>
  <way id='-38557179' action='modify'>
    <nd ref='-177910069' />
    <nd ref='-177910070' />
    <tag k='type' v='straight' />
  </way>
  <way id='-38557180' action='modify'>
    <nd ref='-177910070' />
    <nd ref='-177910071' />
    <nd ref='-177910072' />
    <nd ref='-177910073' />
  </way>
  <way id='-38557181' action='modify'>
    <nd ref='-177910073' />
    <nd ref='-177910074' />
    <tag k='type' v='straight' />
  </way>
  <way id='-38557182' action='modify'>
    <nd ref='-177910074' />
    <nd ref='-177910075' />
    <nd ref='-177910076' />
  </way>
  <way id='-38557183' action='modify'>
    <nd ref='-177910076' />
    <nd ref='-177910077' />
    <tag k='type' v='straight' />
  </way>
  <way id='-38557184' action='modify'>
    <nd ref='-177910077' />
    <nd ref='-177910078' />
  </way>
  <way id='-38557185' action='modify'>
    <nd ref='-177910078' />
    <nd ref='-177910079' />
    <tag k='type' v='straight' />
  </way>
  <way id='-38557186' action='modify'>
    <nd ref='-177910079' />
    <nd ref='-177910080' />
  </way>
  <way id='-38557187' action='modify'>
    <nd ref='-177910080' />
    <nd ref='-177910081' />
    <tag k='type' v='straight' />
  </way>
  <way id='-38557188' action='modify'>
    <nd ref='-177910081' />
    <nd ref='-177910082' />
  </way>
  <way id='-38557189' action='modify'>
    <nd ref='-177910082' />
    <nd ref='-177910083' />
    <tag k='type' v='straight' />
  </way>
  <way id='-38557190' action='modify'>
    <nd ref='-177910083' />
    <nd ref='-177910084' />
  </way>
  <way id='-38557191' action='modify'>
    <nd ref='-177910084' />
    <nd ref='-177910085' />
    <tag k='type' v='straight' />
  </way>
  <way id='-38557192' action='modify'>
    <nd ref='-177910085' />
    <nd ref='-177910086' />
  </way>
  <way id='-38557193' action='modify'>
    <nd ref='-177910086' />
    <nd ref='-177910087' />
    <nd ref='-177910088' />
    <tag k='type' v='straight' />
  </way>
  <way id='-38557194' action='modify'>
    <nd ref='-177910088' />
    <nd ref='-177910089' />
  </way>
  <way id='-38557195' action='modify'>
    <nd ref='-177910089' />
    <nd ref='-177910090' />
    <tag k='type' v='straight' />
  </way>
  <way id='-38557196' action='modify'>
    <nd ref='-177910090' />
    <nd ref='-177910091' />
  </way>
  <way id='-38557197' action='modify'>
    <nd ref='-177910091' />
    <nd ref='-177910092' />
    <tag k='type' v='straight' />
  </way>
  <way id='-38557198' action='modify'>
    <nd ref='-177910092' />
    <nd ref='-177910093' />
  </way>
  <way id='-38557199' action='modify'>
    <nd ref='-177910093' />
    <nd ref='-177910094' />
    <tag k='type' v='straight' />
  </way>
  <way id='-38557200' action='modify'>
    <nd ref='-177910094' />
    <nd ref='-177910095' />
  </way>
  <way id='-38557201' action='modify'>
    <nd ref='-177910095' />
    <nd ref='-177910096' />
    <tag k='type' v='straight' />
  </way>
  <way id='-38557202' action='modify'>
    <nd ref='-177910096' />
    <nd ref='-177910097' />
    <nd ref='-177910098' />
  </way>
  <way id='-38557203' action='modify'>
    <nd ref='-177910098' />
    <nd ref='-177910099' />
    <tag k='type' v='straight' />
  </way>
  <way id='-38557204' action='modify'>
    <nd ref='-177910099' />
    <nd ref='-177910100' />
  </way>
  <way id='-38557205' action='modify'>
    <nd ref='-177910100' />
    <nd ref='-177910101' />
    <tag k='type' v='straight' />
  </way>
  <way id='-38557206' action='modify'>
    <nd ref='-177910101' />
    <nd ref='-177910102' />
  </way>
  <way id='-38557207' action='modify'>
    <nd ref='-177910102' />
    <nd ref='-177910103' />
    <tag k='type' v='straight' />
  </way>
  <way id='-38557208' action='modify'>
    <nd ref='-177910103' />
    <nd ref='-177910104' />
  </way>
  <way id='-38557209' action='modify'>
    <nd ref='-177910104' />
    <nd ref='-177910105' />
    <tag k='type' v='straight' />
  </way>
  <way id='-38557210' action='modify'>
    <nd ref='-177910105' />
    <nd ref='-177910106' />
    <nd ref='-177910107' />
    <nd ref='-177910108' />
  </way>
  <way id='-38557211' action='modify'>
    <nd ref='-177910108' />
    <nd ref='-177910109' />
    <tag k='type' v='straight' />
  </way>
  <way id='-38557212' action='modify'>
    <nd ref='-177910109' />
    <nd ref='-177910110' />
    <nd ref='-177910111' />
  </way>
  <way id='-38557213' action='modify'>
    <nd ref='-177910111' />
    <nd ref='-177910112' />
    <tag k='type' v='straight' />
  </way>
  <way id='-38557214' action='modify'>
    <nd ref='-177910112' />
    <nd ref='-177910113' />
  </way>
  <way id='-38557215' action='modify'>
    <nd ref='-177910113' />
    <nd ref='-177910114' />
    <tag k='type' v='straight' />
  </way>
  <way id='-38557216' action='modify'>
    <nd ref='-177910114' />
    <nd ref='-177910115' />
    <nd ref='-177910116' />
  </way>
  <way id='-38557217' action='modify'>
    <nd ref='-177910116' />
    <nd ref='-177910117' />
    <nd ref='-177910118' />
    <tag k='type' v='straight' />
  </way>
  <way id='-38557218' action='modify'>
    <nd ref='-177910118' />
    <nd ref='-177910119' />
  </way>
  <way id='-38557219' action='modify'>
    <nd ref='-177910119' />
    <nd ref='-177910120' />
    <nd ref='-177910121' />
    <tag k='type' v='straight' />
  </way>
  <way id='-38557220' action='modify'>
    <nd ref='-177910121' />
    <nd ref='-177910122' />
  </way>
  <way id='-38557221' action='modify'>
    <nd ref='-177910122' />
    <nd ref='-177910123' />
    <tag k='type' v='straight' />
  </way>
  <way id='-38557222' action='modify'>
    <nd ref='-177910123' />
    <nd ref='-177910124' />
  </way>
  <way id='-38557223' action='modify'>
    <nd ref='-177910124' />
    <nd ref='-177910125' />
    <tag k='type' v='straight' />
  </way>
  <way id='-38557224' action='modify'>
    <nd ref='-177910125' />
    <nd ref='-177910572' />
    <nd ref='-177910126' />
  </way>
  <way id='-38557225' action='modify'>
    <nd ref='-177910126' />
    <nd ref='-177910127' />
    <tag k='type' v='straight' />
  </way>
  <way id='-38557226' action='modify'>
    <nd ref='-177910127' />
    <nd ref='-177910128' />
  </way>
  <way id='-38557227' action='modify'>
    <nd ref='-177910128' />
    <nd ref='-177910129' />
    <tag k='type' v='straight' />
  </way>
  <way id='-38557228' action='modify'>
    <nd ref='-177910577' />
    <nd ref='-177910576' />
    <tag k='type' v='straight' />
  </way>
  <way id='-38557229' action='modify'>
    <nd ref='-177910130' />
    <nd ref='-177910131' />
    <tag k='type' v='straight' />
  </way>
  <way id='-38557230' action='modify'>
    <nd ref='-177910131' />
    <nd ref='-177910132' />
    <nd ref='-177910133' />
  </way>
  <way id='-38557231' action='modify'>
    <nd ref='-177910133' />
    <nd ref='-177910134' />
    <tag k='type' v='straight' />
  </way>
  <way id='-38557232' action='modify'>
    <nd ref='-177910134' />
    <nd ref='-177910135' />
  </way>
  <way id='-38557233' action='modify'>
    <nd ref='-177910135' />
    <nd ref='-177910136' />
    <tag k='type' v='straight' />
  </way>
  <way id='-38557234' action='modify'>
    <nd ref='-177910136' />
    <nd ref='-177910137' />
  </way>
  <way id='-38557235' action='modify'>
    <nd ref='-177910137' />
    <nd ref='-177910138' />
    <tag k='type' v='straight' />
  </way>
  <way id='-38557236' action='modify'>
    <nd ref='-177910138' />
    <nd ref='-177910139' />
  </way>
  <way id='-38557237' action='modify'>
    <nd ref='-177910139' />
    <nd ref='-177910140' />
    <tag k='type' v='straight' />
  </way>
  <way id='-38557238' action='modify'>
    <nd ref='-177910140' />
    <nd ref='-177910141' />
    <nd ref='-177910142' />
  </way>
  <way id='-38557239' action='modify'>
    <nd ref='-177910142' />
    <nd ref='-177910143' />
    <tag k='type' v='straight' />
  </way>
  <way id='-38557240' action='modify'>
    <nd ref='-177910143' />
    <nd ref='-177910144' />
  </way>
  <way id='-38557241' action='modify'>
    <nd ref='-177910144' />
    <nd ref='-177910145' />
    <tag k='type' v='straight' />
  </way>
  <way id='-38557242' action='modify'>
    <nd ref='-177910145' />
    <nd ref='-177910146' />
    <nd ref='-177910147' />
  </way>
  <way id='-38557243' action='modify'>
    <nd ref='-177910147' />
    <nd ref='-177910148' />
    <tag k='type' v='straight' />
  </way>
  <way id='-38557244' action='modify'>
    <nd ref='-177910148' />
    <nd ref='-177910149' />
  </way>
  <way id='-38557245' action='modify'>
    <nd ref='-177910149' />
    <nd ref='-177910150' />
    <tag k='type' v='straight' />
  </way>
  <way id='-38557246' action='modify'>
    <nd ref='-177910150' />
    <nd ref='-177910151' />
    <nd ref='-177910152' />
  </way>
  <way id='-38557247' action='modify'>
    <nd ref='-177910152' />
    <nd ref='-177910153' />
    <tag k='type' v='straight' />
  </way>
  <way id='-38557248' action='modify'>
    <nd ref='-177910153' />
    <nd ref='-177910154' />
  </way>
  <way id='-38557249' action='modify'>
    <nd ref='-177910154' />
    <nd ref='-177910155' />
    <tag k='type' v='straight' />
  </way>
  <way id='-38557250' action='modify'>
    <nd ref='-177910155' />
    <nd ref='-177910156' />
  </way>
  <way id='-38557251' action='modify'>
    <nd ref='-177910156' />
    <nd ref='-177910157' />
    <nd ref='-177910158' />
    <tag k='type' v='straight' />
  </way>
  <way id='-38557252' action='modify'>
    <nd ref='-177910158' />
    <nd ref='-177910159' />
  </way>
  <way id='-38557253' action='modify'>
    <nd ref='-177910159' />
    <nd ref='-177910160' />
    <tag k='type' v='straight' />
  </way>
  <way id='-38557254' action='modify'>
    <nd ref='-177910160' />
    <nd ref='-177910161' />
  </way>
  <way id='-38557255' action='modify'>
    <nd ref='-177910161' />
    <nd ref='-177910162' />
    <tag k='type' v='straight' />
  </way>
  <way id='-38557256' action='modify'>
    <nd ref='-177910162' />
    <nd ref='-177910163' />
  </way>
  <way id='-38557257' action='modify'>
    <nd ref='-177910163' />
    <nd ref='-177910164' />
    <tag k='type' v='straight' />
  </way>
  <way id='-38557258' action='modify'>
    <nd ref='-177910164' />
    <nd ref='-177910165' />
    <nd ref='-177910166' />
  </way>
  <way id='-38557259' action='modify'>
    <nd ref='-177910166' />
    <nd ref='-177910167' />
    <tag k='type' v='straight' />
  </way>
  <way id='-38557260' action='modify'>
    <nd ref='-177910167' />
    <nd ref='-177910168' />
  </way>
  <way id='-38557261' action='modify'>
    <nd ref='-177910168' />
    <nd ref='-177910169' />
    <tag k='type' v='straight' />
  </way>
  <way id='-38557262' action='modify'>
    <nd ref='-177910169' />
    <nd ref='-177910170' />
  </way>
  <way id='-38557263' action='modify'>
    <nd ref='-177910170' />
    <nd ref='-177910171' />
    <tag k='type' v='straight' />
  </way>
  <way id='-38557264' action='modify'>
    <nd ref='-177910171' />
    <nd ref='-177910172' />
  </way>
  <way id='-38557265' action='modify'>
    <nd ref='-177910172' />
    <nd ref='-177910173' />
    <tag k='type' v='straight' />
  </way>
  <way id='-38557266' action='modify'>
    <nd ref='-177910173' />
    <nd ref='-177910174' />
  </way>
  <way id='-38557267' action='modify'>
    <nd ref='-177910174' />
    <nd ref='-177910175' />
    <tag k='type' v='straight' />
  </way>
  <way id='-38557268' action='modify'>
    <nd ref='-177910175' />
    <nd ref='-177910176' />
    <nd ref='-177910177' />
    <nd ref='-177910178' />
  </way>
  <way id='-38557269' action='modify'>
    <nd ref='-177910178' />
    <nd ref='-177910179' />
    <tag k='type' v='straight' />
  </way>
  <way id='-38557270' action='modify'>
    <nd ref='-177910179' />
    <nd ref='-177910180' />
  </way>
  <way id='-38557271' action='modify'>
    <nd ref='-177910180' />
    <nd ref='-177910181' />
    <tag k='type' v='straight' />
  </way>
  <way id='-38557272' action='modify'>
    <nd ref='-177910181' />
    <nd ref='-177910182' />
  </way>
  <way id='-38557273' action='modify'>
    <nd ref='-177910182' />
    <nd ref='-177910183' />
    <tag k='type' v='straight' />
  </way>
  <way id='-38557274' action='modify'>
    <nd ref='-177910183' />
    <nd ref='-177910184' />
  </way>
  <way id='-38557275' action='modify'>
    <nd ref='-177910184' />
    <nd ref='-177910185' />
    <tag k='type' v='straight' />
  </way>
  <way id='-38557276' action='modify'>
    <nd ref='-177910185' />
    <nd ref='-177910186' />
    <nd ref='-177910187' />
  </way>
  <way id='-38557277' action='modify'>
    <nd ref='-177910187' />
    <nd ref='-177910188' />
    <tag k='type' v='straight' />
  </way>
  <way id='-38557278' action='modify'>
    <nd ref='-177910188' />
    <nd ref='-177910189' />
  </way>
  <way id='-38557279' action='modify'>
    <nd ref='-177910189' />
    <nd ref='-177910190' />
    <tag k='type' v='straight' />
  </way>
  <way id='-38557280' action='modify'>
    <nd ref='-177910190' />
    <nd ref='-177910191' />
  </way>
  <way id='-38557281' action='modify'>
    <nd ref='-177910191' />
    <nd ref='-177910192' />
    <tag k='type' v='straight' />
  </way>
  <way id='-38557282' action='modify'>
    <nd ref='-177910192' />
    <nd ref='-177910193' />
  </way>
  <way id='-38557283' action='modify'>
    <nd ref='-177910193' />
    <nd ref='-177910194' />
    <tag k='type' v='straight' />
  </way>
  <way id='-38557284' action='modify'>
    <nd ref='-177910194' />
    <nd ref='-177910195' />
  </way>
  <way id='-38557285' action='modify'>
    <nd ref='-177910195' />
    <nd ref='-177910196' />
    <tag k='type' v='straight' />
  </way>
  <way id='-38557286' action='modify'>
    <nd ref='-177910196' />
    <nd ref='-177910197' />
  </way>
  <way id='-38557287' action='modify'>
    <nd ref='-177910197' />
    <nd ref='-177910198' />
    <tag k='type' v='straight' />
  </way>
  <way id='-38557288' action='modify'>
    <nd ref='-177910198' />
    <nd ref='-177910199' />
  </way>
  <way id='-38557289' action='modify'>
    <nd ref='-177910199' />
    <nd ref='-177910200' />
    <tag k='type' v='straight' />
  </way>
  <way id='-38557290' action='modify'>
    <nd ref='-177910200' />
    <nd ref='-177910201' />
  </way>
  <way id='-38557291' action='modify'>
    <nd ref='-177910201' />
    <nd ref='-177910202' />
    <tag k='type' v='straight' />
  </way>
  <way id='-38557292' action='modify'>
    <nd ref='-177910202' />
    <nd ref='-177910203' />
  </way>
  <way id='-38557293' action='modify'>
    <nd ref='-177910203' />
    <nd ref='-177910204' />
    <tag k='type' v='straight' />
  </way>
  <way id='-38557294' action='modify'>
    <nd ref='-177910204' />
    <nd ref='-177910205' />
  </way>
  <way id='-38557295' action='modify'>
    <nd ref='-177910205' />
    <nd ref='-177910206' />
    <tag k='type' v='straight' />
  </way>
  <way id='-38557296' action='modify'>
    <nd ref='-177910206' />
    <nd ref='-177910207' />
  </way>
  <way id='-38557297' action='modify'>
    <nd ref='-177910207' />
    <nd ref='-177910208' />
    <tag k='type' v='straight' />
  </way>
  <way id='-38557298' action='modify'>
    <nd ref='-177910208' />
    <nd ref='-177910209' />
  </way>
  <way id='-38557299' action='modify'>
    <nd ref='-177910209' />
    <nd ref='-177910210' />
    <tag k='type' v='straight' />
  </way>
  <way id='-38557300' action='modify'>
    <nd ref='-177910210' />
    <nd ref='-177910211' />
  </way>
  <way id='-38557301' action='modify'>
    <nd ref='-177910211' />
    <nd ref='-177910212' />
    <tag k='type' v='straight' />
  </way>
  <way id='-38557302' action='modify'>
    <nd ref='-177910212' />
    <nd ref='-177910213' />
  </way>
  <way id='-38557303' action='modify'>
    <nd ref='-177910213' />
    <nd ref='-177910214' />
    <tag k='type' v='straight' />
  </way>
  <way id='-38557304' action='modify'>
    <nd ref='-177910214' />
    <nd ref='-177910215' />
    <nd ref='-177910216' />
  </way>
  <way id='-38557305' action='modify'>
    <nd ref='-177910216' />
    <nd ref='-177910217' />
    <tag k='type' v='straight' />
  </way>
  <way id='-38557306' action='modify'>
    <nd ref='-177910217' />
    <nd ref='-177910218' />
    <tag k='type' v='straight' />
  </way>
  <way id='-38557307' action='modify'>
    <nd ref='-177910218' />
    <nd ref='-177910219' />
  </way>
  <way id='-38557308' action='modify'>
    <nd ref='-177910219' />
    <nd ref='-177910220' />
    <tag k='type' v='straight' />
  </way>
  <way id='-38557309' action='modify'>
    <nd ref='-177910220' />
    <nd ref='-177910221' />
    <tag k='type' v='straight' />
  </way>
  <way id='-38557310' action='modify'>
    <nd ref='-177910221' />
    <nd ref='-177910222' />
    <tag k='type' v='straight' />
  </way>
  <way id='-38557311' action='modify'>
    <nd ref='-177910222' />
    <nd ref='-177910223' />
  </way>
  <way id='-38557312' action='modify'>
    <nd ref='-177910223' />
    <nd ref='-177910224' />
    <tag k='type' v='straight' />
  </way>
  <way id='-38557313' action='modify'>
    <nd ref='-177910224' />
    <nd ref='-177910225' />
  </way>
  <way id='-38557314' action='modify'>
    <nd ref='-177910225' />
    <nd ref='-177910226' />
    <tag k='type' v='straight' />
  </way>
  <way id='-38557315' action='modify'>
    <nd ref='-177910226' />
    <nd ref='-177910227' />
  </way>
  <way id='-38557316' action='modify'>
    <nd ref='-177910227' />
    <nd ref='-177910228' />
    <tag k='type' v='straight' />
  </way>
  <way id='-38557317' action='modify'>
    <nd ref='-177910228' />
    <nd ref='-177910229' />
    <tag k='type' v='straight' />
  </way>
  <way id='-38557318' action='modify'>
    <nd ref='-177910229' />
    <nd ref='-177910230' />
  </way>
  <way id='-38557319' action='modify'>
    <nd ref='-177910230' />
    <nd ref='-177910231' />
    <tag k='type' v='straight' />
  </way>
  <way id='-38557320' action='modify'>
    <nd ref='-177910231' />
    <nd ref='-177910232' />
  </way>
  <way id='-38557321' action='modify'>
    <nd ref='-177910232' />
    <nd ref='-177910233' />
    <tag k='type' v='straight' />
  </way>
  <way id='-38557322' action='modify'>
    <nd ref='-177910233' />
    <nd ref='-177910234' />
  </way>
  <way id='-38557323' action='modify'>
    <nd ref='-177910234' />
    <nd ref='-177910235' />
    <tag k='type' v='straight' />
  </way>
  <way id='-38557324' action='modify'>
    <nd ref='-177910235' />
    <nd ref='-177910236' />
  </way>
  <way id='-38557325' action='modify'>
    <nd ref='-177910236' />
    <nd ref='-177910237' />
    <tag k='type' v='straight' />
  </way>
  <way id='-38557326' action='modify'>
    <nd ref='-177910237' />
    <nd ref='-177910238' />
  </way>
  <way id='-38557327' action='modify'>
    <nd ref='-177910238' />
    <nd ref='-177910239' />
    <tag k='type' v='straight' />
  </way>
  <way id='-38557328' action='modify'>
    <nd ref='-177910239' />
    <nd ref='-177910240' />
    <nd ref='-177910241' />
  </way>
  <way id='-38557329' action='modify'>
    <nd ref='-177910241' />
    <nd ref='-177910242' />
    <tag k='type' v='straight' />
  </way>
  <way id='-38557330' action='modify'>
    <nd ref='-177910242' />
    <nd ref='-177910243' />
  </way>
  <way id='-38557331' action='modify'>
    <nd ref='-177910243' />
    <nd ref='-177910244' />
    <tag k='type' v='straight' />
  </way>
  <way id='-38557332' action='modify'>
    <nd ref='-177910244' />
    <nd ref='-177910245' />
  </way>
  <way id='-38557333' action='modify'>
    <nd ref='-177910245' />
    <nd ref='-177910246' />
    <tag k='type' v='straight' />
  </way>
  <way id='-38557334' action='modify'>
    <nd ref='-177910246' />
    <nd ref='-177910247' />
  </way>
  <way id='-38557335' action='modify'>
    <nd ref='-177910247' />
    <nd ref='-177910248' />
    <nd ref='-177910249' />
    <tag k='type' v='straight' />
  </way>
  <way id='-38557336' action='modify'>
    <nd ref='-177910249' />
    <nd ref='-177910250' />
  </way>
  <way id='-38557337' action='modify'>
    <nd ref='-177910250' />
    <nd ref='-177910251' />
    <tag k='type' v='straight' />
  </way>
  <way id='-38557338' action='modify'>
    <nd ref='-177910251' />
    <nd ref='-177910252' />
  </way>
  <way id='-38557339' action='modify'>
    <nd ref='-177910252' />
    <nd ref='-177910253' />
    <tag k='type' v='straight' />
  </way>
  <way id='-38557340' action='modify'>
    <nd ref='-177910253' />
    <nd ref='-177910254' />
  </way>
  <way id='-38557341' action='modify'>
    <nd ref='-177910254' />
    <nd ref='-177910255' />
    <tag k='type' v='straight' />
  </way>
  <way id='-38557342' action='modify'>
    <nd ref='-177910255' />
    <nd ref='-177910256' />
    <nd ref='-177910257' />
  </way>
  <way id='-38557343' action='modify'>
    <nd ref='-177910257' />
    <nd ref='-177910258' />
    <tag k='type' v='straight' />
  </way>
  <way id='-38557344' action='modify'>
    <nd ref='-177910258' />
    <nd ref='-177910259' />
  </way>
  <way id='-38557345' action='modify'>
    <nd ref='-177910259' />
    <nd ref='-177910260' />
    <nd ref='-177910261' />
    <tag k='type' v='straight' />
  </way>
  <way id='-38557346' action='modify'>
    <nd ref='-177910261' />
    <nd ref='-177910262' />
  </way>
  <way id='-38557347' action='modify'>
    <nd ref='-177910262' />
    <nd ref='-177910263' />
    <tag k='type' v='straight' />
  </way>
  <way id='-38557348' action='modify'>
    <nd ref='-177910263' />
    <nd ref='-177910264' />
  </way>
  <way id='-38557349' action='modify'>
    <nd ref='-177910264' />
    <nd ref='-177910265' />
    <tag k='type' v='straight' />
  </way>
  <way id='-38557350' action='modify'>
    <nd ref='-177910265' />
    <nd ref='-177910266' />
  </way>
  <way id='-38557351' action='modify'>
    <nd ref='-177910266' />
    <nd ref='-177910267' />
    <tag k='type' v='straight' />
  </way>
  <way id='-38557352' action='modify'>
    <nd ref='-177910267' />
    <nd ref='-177910268' />
  </way>
  <way id='-38557353' action='modify'>
    <nd ref='-177910268' />
    <nd ref='-177910269' />
    <tag k='type' v='straight' />
  </way>
  <way id='-38557354' action='modify'>
    <nd ref='-177910269' />
    <nd ref='-177910270' />
  </way>
  <way id='-38557355' action='modify'>
    <nd ref='-177910270' />
    <nd ref='-177910271' />
    <tag k='type' v='straight' />
  </way>
  <way id='-38557356' action='modify'>
    <nd ref='-177910271' />
    <nd ref='-177910272' />
  </way>
  <way id='-38557357' action='modify'>
    <nd ref='-177910272' />
    <nd ref='-177910273' />
    <nd ref='-177910274' />
    <tag k='type' v='straight' />
  </way>
  <way id='-38557358' action='modify'>
    <nd ref='-177910274' />
    <nd ref='-177910275' />
  </way>
  <way id='-38557359' action='modify'>
    <nd ref='-177910275' />
    <nd ref='-177910276' />
    <tag k='type' v='straight' />
  </way>
  <way id='-38557360' action='modify'>
    <nd ref='-177910276' />
    <nd ref='-177910277' />
  </way>
  <way id='-38557361' action='modify'>
    <nd ref='-177910277' />
    <nd ref='-177910278' />
    <tag k='type' v='straight' />
  </way>
  <way id='-38557362' action='modify'>
    <nd ref='-177910278' />
    <nd ref='-177910279' />
  </way>
  <way id='-38557363' action='modify'>
    <nd ref='-177910279' />
    <nd ref='-177910280' />
    <tag k='type' v='straight' />
  </way>
  <way id='-38557364' action='modify'>
    <nd ref='-177910280' />
    <nd ref='-177910281' />
  </way>
  <way id='-38557365' action='modify'>
    <nd ref='-177910281' />
    <nd ref='-177910282' />
    <tag k='type' v='straight' />
  </way>
  <way id='-38557366' action='modify'>
    <nd ref='-177910282' />
    <nd ref='-177910283' />
    <nd ref='-177910284' />
  </way>
  <way id='-38557367' action='modify'>
    <nd ref='-177910284' />
    <nd ref='-177910285' />
    <tag k='type' v='straight' />
  </way>
  <way id='-38557368' action='modify'>
    <nd ref='-177910285' />
    <nd ref='-177910286' />
    <tag k='type' v='straight' />
  </way>
  <way id='-38557369' action='modify'>
    <nd ref='-177910286' />
    <nd ref='-177910287' />
  </way>
  <way id='-38557370' action='modify'>
    <nd ref='-177910287' />
    <nd ref='-177910288' />
    <tag k='type' v='straight' />
  </way>
  <way id='-38557371' action='modify'>
    <nd ref='-177910288' />
    <nd ref='-177910289' />
  </way>
  <way id='-38557372' action='modify'>
    <nd ref='-177910289' />
    <nd ref='-177910290' />
    <tag k='type' v='straight' />
  </way>
  <way id='-38557373' action='modify'>
    <nd ref='-177910290' />
    <nd ref='-177910291' />
  </way>
  <way id='-38557374' action='modify'>
    <nd ref='-177910291' />
    <nd ref='-177910292' />
    <tag k='type' v='straight' />
  </way>
  <way id='-38557375' action='modify'>
    <nd ref='-177910292' />
    <nd ref='-177910293' />
  </way>
  <way id='-38557376' action='modify'>
    <nd ref='-177910293' />
    <nd ref='-177910294' />
    <tag k='type' v='straight' />
  </way>
  <way id='-38557377' action='modify'>
    <nd ref='-177910294' />
    <nd ref='-177910295' />
  </way>
  <way id='-38557378' action='modify'>
    <nd ref='-177910295' />
    <nd ref='-177910296' />
    <tag k='type' v='straight' />
  </way>
  <way id='-38557379' action='modify'>
    <nd ref='-177910296' />
    <nd ref='-177910297' />
  </way>
  <way id='-38557380' action='modify'>
    <nd ref='-177910297' />
    <nd ref='-177910298' />
    <tag k='type' v='straight' />
  </way>
  <way id='-38557381' action='modify'>
    <nd ref='-177910298' />
    <nd ref='-177910299' />
  </way>
  <way id='-38557382' action='modify'>
    <nd ref='-177910299' />
    <nd ref='-177910300' />
    <tag k='type' v='straight' />
  </way>
  <way id='-38557383' action='modify'>
    <nd ref='-177910300' />
    <nd ref='-177910301' />
  </way>
  <way id='-38557384' action='modify'>
    <nd ref='-177910301' />
    <nd ref='-177910302' />
    <tag k='type' v='straight' />
  </way>
  <way id='-38557385' action='modify'>
    <nd ref='-177910302' />
    <nd ref='-177910303' />
  </way>
  <way id='-38557386' action='modify'>
    <nd ref='-177910303' />
    <nd ref='-177910304' />
    <tag k='type' v='straight' />
  </way>
  <way id='-38557387' action='modify'>
    <nd ref='-177910304' />
    <nd ref='-177910305' />
  </way>
  <way id='-38557388' action='modify'>
    <nd ref='-177910305' />
    <nd ref='-177910306' />
    <tag k='type' v='straight' />
  </way>
  <way id='-38557389' action='modify'>
    <nd ref='-177910306' />
    <nd ref='-177910307' />
  </way>
  <way id='-38557390' action='modify'>
    <nd ref='-177910307' />
    <nd ref='-177910308' />
    <tag k='type' v='straight' />
  </way>
  <way id='-38557391' action='modify'>
    <nd ref='-177910308' />
    <nd ref='-177910309' />
  </way>
  <way id='-38557392' action='modify'>
    <nd ref='-177910309' />
    <nd ref='-177910310' />
    <tag k='type' v='straight' />
  </way>
  <way id='-38557393' action='modify'>
    <nd ref='-177910310' />
    <nd ref='-177910311' />
  </way>
  <way id='-38557394' action='modify'>
    <nd ref='-177910311' />
    <nd ref='-177910312' />
    <tag k='type' v='straight' />
  </way>
  <way id='-38557395' action='modify'>
    <nd ref='-177910312' />
    <nd ref='-177910313' />
  </way>
  <way id='-38557396' action='modify'>
    <nd ref='-177910313' />
    <nd ref='-177910314' />
    <tag k='type' v='straight' />
  </way>
  <way id='-38557397' action='modify'>
    <nd ref='-177910314' />
    <nd ref='-177910315' />
  </way>
  <way id='-38557398' action='modify'>
    <nd ref='-177910315' />
    <nd ref='-177910316' />
    <tag k='type' v='straight' />
  </way>
  <way id='-38557399' action='modify'>
    <nd ref='-177910316' />
    <nd ref='-177910317' />
    <nd ref='-177910318' />
  </way>
  <way id='-38557400' action='modify'>
    <nd ref='-177910318' />
    <nd ref='-177910319' />
    <tag k='type' v='straight' />
  </way>
  <way id='-38557401' action='modify'>
    <nd ref='-177910319' />
    <nd ref='-177910320' />
    <nd ref='-177910321' />
  </way>
  <way id='-38557402' action='modify'>
    <nd ref='-177910321' />
    <nd ref='-177910322' />
    <tag k='type' v='straight' />
  </way>
  <way id='-38557403' action='modify'>
    <nd ref='-177910322' />
    <nd ref='-177910323' />
    <nd ref='-177910324' />
  </way>
  <way id='-38557404' action='modify'>
    <nd ref='-177910324' />
    <nd ref='-177910325' />
    <nd ref='-177910326' />
    <tag k='type' v='straight' />
  </way>
  <way id='-38557405' action='modify'>
    <nd ref='-177910326' />
    <nd ref='-177910327' />
  </way>
  <way id='-38557406' action='modify'>
    <nd ref='-177910327' />
    <nd ref='-177910328' />
    <tag k='type' v='straight' />
  </way>
  <way id='-38557407' action='modify'>
    <nd ref='-177910328' />
    <nd ref='-177910329' />
  </way>
  <way id='-38557408' action='modify'>
    <nd ref='-177910329' />
    <nd ref='-177910330' />
    <tag k='type' v='straight' />
  </way>
  <way id='-38557409' action='modify'>
    <nd ref='-177910330' />
    <nd ref='-177910331' />
  </way>
  <way id='-38557410' action='modify'>
    <nd ref='-177910331' />
    <nd ref='-177910332' />
    <tag k='type' v='straight' />
  </way>
  <way id='-38557411' action='modify'>
    <nd ref='-177910332' />
    <nd ref='-177910333' />
    <nd ref='-177910334' />
  </way>
  <way id='-38557412' action='modify'>
    <nd ref='-177910334' />
    <nd ref='-177910335' />
    <tag k='type' v='straight' />
  </way>
  <way id='-38557413' action='modify'>
    <nd ref='-177910335' />
    <nd ref='-177910336' />
  </way>
  <way id='-38557414' action='modify'>
    <nd ref='-177910336' />
    <nd ref='-177910337' />
    <nd ref='-177910338' />
    <tag k='type' v='straight' />
  </way>
  <way id='-38557415' action='modify'>
    <nd ref='-177910338' />
    <nd ref='-177910339' />
  </way>
  <way id='-38557416' action='modify'>
    <nd ref='-177910339' />
    <nd ref='-177910340' />
    <tag k='type' v='straight' />
  </way>
  <way id='-38557417' action='modify'>
    <nd ref='-177910340' />
    <nd ref='-177910341' />
  </way>
  <way id='-38557418' action='modify'>
    <nd ref='-177910341' />
    <nd ref='-177910588' />
    <tag k='type' v='straight' />
  </way>
  <way id='-38557419' action='modify'>
    <nd ref='-177910342' />
    <nd ref='-177910343' />
  </way>
  <way id='-38557420' action='modify'>
    <nd ref='-177910343' />
    <nd ref='-177910344' />
    <tag k='type' v='straight' />
  </way>
  <way id='-38557421' action='modify'>
    <nd ref='-177910344' />
    <nd ref='-177910345' />
  </way>
  <way id='-38557422' action='modify'>
    <nd ref='-177910345' />
    <nd ref='-177910346' />
    <tag k='type' v='straight' />
  </way>
  <way id='-38557423' action='modify'>
    <nd ref='-177910346' />
    <nd ref='-177910347' />
  </way>
  <way id='-38557424' action='modify'>
    <nd ref='-177910347' />
    <nd ref='-177910348' />
    <tag k='type' v='straight' />
  </way>
  <way id='-38557425' action='modify'>
    <nd ref='-177910348' />
    <nd ref='-177910349' />
  </way>
  <way id='-38557426' action='modify'>
    <nd ref='-177910349' />
    <nd ref='-177910350' />
    <tag k='type' v='straight' />
  </way>
  <way id='-38557427' action='modify'>
    <nd ref='-177910350' />
    <nd ref='-177910351' />
  </way>
  <way id='-38557428' action='modify'>
    <nd ref='-177910351' />
    <nd ref='-177910352' />
    <nd ref='-177910353' />
    <tag k='type' v='straight' />
  </way>
  <way id='-38557429' action='modify'>
    <nd ref='-177910353' />
    <nd ref='-177910354' />
  </way>
  <way id='-38557430' action='modify'>
    <nd ref='-177910354' />
    <nd ref='-177910355' />
    <nd ref='-177910356' />
    <tag k='type' v='straight' />
  </way>
  <way id='-38557431' action='modify'>
    <nd ref='-177910356' />
    <nd ref='-177910357' />
    <nd ref='-177910358' />
  </way>
  <way id='-38557432' action='modify'>
    <nd ref='-177910358' />
    <nd ref='-177910359' />
    <nd ref='-177910360' />
    <tag k='type' v='straight' />
  </way>
  <way id='-38557433' action='modify'>
    <nd ref='-177910360' />
    <nd ref='-177910361' />
  </way>
  <way id='-38557434' action='modify'>
    <nd ref='-177910361' />
    <nd ref='-177910362' />
    <tag k='type' v='straight' />
  </way>
  <way id='-38557435' action='modify'>
    <nd ref='-177910362' />
    <nd ref='-177910363' />
  </way>
  <way id='-38557436' action='modify'>
    <nd ref='-177910363' />
    <nd ref='-177910364' />
    <tag k='type' v='straight' />
  </way>
  <way id='-38557437' action='modify'>
    <nd ref='-177910364' />
    <nd ref='-177910365' />
  </way>
  <way id='-38557438' action='modify'>
    <nd ref='-177910365' />
    <nd ref='-177910366' />
    <tag k='type' v='straight' />
  </way>
  <way id='-38557439' action='modify'>
    <nd ref='-177910366' />
    <nd ref='-177910367' />
  </way>
  <way id='-38557440' action='modify'>
    <nd ref='-177910367' />
    <nd ref='-177910368' />
    <tag k='type' v='straight' />
  </way>
  <way id='-38557441' action='modify'>
    <nd ref='-177910368' />
    <nd ref='-177910369' />
  </way>
  <way id='-38557442' action='modify'>
    <nd ref='-177910369' />
    <nd ref='-177910370' />
    <tag k='type' v='straight' />
  </way>
  <way id='-38557443' action='modify'>
    <nd ref='-177910370' />
    <nd ref='-177910371' />
  </way>
  <way id='-38557444' action='modify'>
    <nd ref='-177910371' />
    <nd ref='-177910372' />
    <nd ref='-177910373' />
    <nd ref='-177910374' />
    <tag k='type' v='straight' />
  </way>
  <way id='-38557445' action='modify'>
    <nd ref='-177910374' />
    <nd ref='-177910375' />
  </way>
  <way id='-38557446' action='modify'>
    <nd ref='-177910375' />
    <nd ref='-177910376' />
    <tag k='type' v='straight' />
  </way>
  <way id='-38557447' action='modify'>
    <nd ref='-177910376' />
    <nd ref='-177910377' />
  </way>
  <way id='-38557448' action='modify'>
    <nd ref='-177910377' />
    <nd ref='-177910378' />
    <tag k='type' v='straight' />
  </way>
  <way id='-38557449' action='modify'>
    <nd ref='-177910378' />
    <nd ref='-177910379' />
  </way>
  <way id='-38557450' action='modify'>
    <nd ref='-177910379' />
    <nd ref='-177910380' />
    <tag k='type' v='straight' />
  </way>
  <way id='-38557451' action='modify'>
    <nd ref='-177910380' />
    <nd ref='-177910381' />
    <nd ref='-177910382' />
    <nd ref='-177910383' />
  </way>
  <way id='-38557452' action='modify'>
    <nd ref='-177910383' />
    <nd ref='-177910384' />
    <tag k='type' v='straight' />
  </way>
  <way id='-38557453' action='modify'>
    <nd ref='-177910384' />
    <nd ref='-177910385' />
  </way>
  <way id='-38557454' action='modify'>
    <nd ref='-177910385' />
    <nd ref='-177910386' />
    <tag k='type' v='straight' />
  </way>
  <way id='-38557455' action='modify'>
    <nd ref='-177910386' />
    <nd ref='-177910387' />
  </way>
  <way id='-38557456' action='modify'>
    <nd ref='-177910387' />
    <nd ref='-177910388' />
    <tag k='type' v='straight' />
  </way>
  <way id='-38557457' action='modify'>
    <nd ref='-177910388' />
    <nd ref='-177910389' />
  </way>
  <way id='-38557458' action='modify'>
    <nd ref='-177910389' />
    <nd ref='-177910390' />
    <nd ref='-177910391' />
    <tag k='type' v='straight' />
  </way>
  <way id='-38557459' action='modify'>
    <nd ref='-177910391' />
    <nd ref='-177910392' />
    <nd ref='-177910393' />
  </way>
  <way id='-38557460' action='modify'>
    <nd ref='-177910393' />
    <nd ref='-177910394' />
    <nd ref='-177910395' />
    <tag k='type' v='straight' />
  </way>
  <way id='-38557461' action='modify'>
    <nd ref='-177910395' />
    <nd ref='-177910396' />
  </way>
  <way id='-38557462' action='modify'>
    <nd ref='-177910396' />
    <nd ref='-177910397' />
    <tag k='type' v='straight' />
  </way>
  <way id='-38557463' action='modify'>
    <nd ref='-177910397' />
    <nd ref='-177910398' />
  </way>
  <way id='-38557464' action='modify'>
    <nd ref='-177910398' />
    <nd ref='-177910399' />
    <nd ref='-177910400' />
    <tag k='type' v='straight' />
  </way>
  <way id='-38557465' action='modify'>
    <nd ref='-177910400' />
    <nd ref='-177910401' />
  </way>
  <way id='-38557466' action='modify'>
    <nd ref='-177910401' />
    <nd ref='-177910402' />
    <tag k='type' v='straight' />
  </way>
  <way id='-38557467' action='modify'>
    <nd ref='-177910402' />
    <nd ref='-177910403' />
  </way>
  <way id='-38557468' action='modify'>
    <nd ref='-177910403' />
    <nd ref='-177910404' />
    <tag k='type' v='straight' />
  </way>
  <way id='-38557469' action='modify'>
    <nd ref='-177910404' />
    <nd ref='-177910405' />
  </way>
  <way id='-38557470' action='modify'>
    <nd ref='-177910405' />
    <nd ref='-177910406' />
    <tag k='type' v='straight' />
  </way>
  <way id='-38557471' action='modify'>
    <nd ref='-177910406' />
    <nd ref='-177910407' />
  </way>
  <way id='-38557472' action='modify'>
    <nd ref='-177910407' />
    <nd ref='-177910408' />
    <tag k='type' v='straight' />
  </way>
  <way id='-38557473' action='modify'>
    <nd ref='-177910408' />
    <nd ref='-177910409' />
  </way>
  <way id='-38557474' action='modify'>
    <nd ref='-177910409' />
    <nd ref='-177910410' />
    <tag k='type' v='straight' />
  </way>
  <way id='-38557475' action='modify'>
    <nd ref='-177910410' />
    <nd ref='-177910411' />
  </way>
  <way id='-38557476' action='modify'>
    <nd ref='-177910411' />
    <nd ref='-177910412' />
    <tag k='type' v='straight' />
  </way>
  <way id='-38557477' action='modify'>
    <nd ref='-177910412' />
    <nd ref='-177910413' />
  </way>
  <way id='-38557478' action='modify'>
    <nd ref='-177910413' />
    <nd ref='-177910414' />
    <nd ref='-177910415' />
    <tag k='type' v='straight' />
  </way>
  <way id='-38557479' action='modify'>
    <nd ref='-177910415' />
    <nd ref='-177910416' />
  </way>
  <way id='-38557480' action='modify'>
    <nd ref='-177910416' />
    <nd ref='-177910417' />
    <tag k='type' v='straight' />
  </way>
  <way id='-38557481' action='modify'>
    <nd ref='-177910417' />
    <nd ref='-177910418' />
  </way>
  <way id='-38557482' action='modify'>
    <nd ref='-177910418' />
    <nd ref='-177910419' />
    <tag k='type' v='straight' />
  </way>
  <way id='-38557483' action='modify'>
    <nd ref='-177910419' />
    <nd ref='-177910420' />
  </way>
  <way id='-38557484' action='modify'>
    <nd ref='-177910420' />
    <nd ref='-177910421' />
    <tag k='type' v='straight' />
  </way>
  <way id='-38557485' action='modify'>
    <nd ref='-177910421' />
    <nd ref='-177910422' />
  </way>
  <way id='-38557486' action='modify'>
    <nd ref='-177910422' />
    <nd ref='-177910423' />
    <tag k='type' v='straight' />
  </way>
  <way id='-38557487' action='modify'>
    <nd ref='-177910423' />
    <nd ref='-177910424' />
  </way>
  <way id='-38557488' action='modify'>
    <nd ref='-177910424' />
    <nd ref='-177910425' />
    <nd ref='-177910426' />
    <nd ref='-177910427' />
    <tag k='type' v='straight' />
  </way>
  <way id='-38557489' action='modify'>
    <nd ref='-177910427' />
    <nd ref='-177910428' />
  </way>
  <way id='-38557490' action='modify'>
    <nd ref='-177910428' />
    <nd ref='-177910429' />
    <tag k='type' v='straight' />
  </way>
  <way id='-38557491' action='modify'>
    <nd ref='-177910429' />
    <nd ref='-177910430' />
  </way>
  <way id='-38557492' action='modify'>
    <nd ref='-177910430' />
    <nd ref='-177910431' />
    <tag k='type' v='straight' />
  </way>
  <way id='-38557493' action='modify'>
    <nd ref='-177910431' />
    <nd ref='-177910432' />
  </way>
  <way id='-38557494' action='modify'>
    <nd ref='-177910432' />
    <nd ref='-177910433' />
    <tag k='type' v='straight' />
  </way>
  <way id='-38557495' action='modify'>
    <nd ref='-177910433' />
    <nd ref='-177910434' />
  </way>
  <way id='-38557496' action='modify'>
    <nd ref='-177910434' />
    <nd ref='-177910435' />
    <tag k='type' v='straight' />
  </way>
  <way id='-38557497' action='modify'>
    <nd ref='-177910435' />
    <nd ref='-177910436' />
  </way>
  <way id='-38557498' action='modify'>
    <nd ref='-177910436' />
    <nd ref='-177910437' />
    <tag k='type' v='straight' />
  </way>
  <way id='-38557499' action='modify'>
    <nd ref='-177910437' />
    <nd ref='-177910438' />
  </way>
  <way id='-38557500' action='modify'>
    <nd ref='-177910438' />
    <nd ref='-177910439' />
    <tag k='type' v='straight' />
  </way>
  <way id='-38557501' action='modify'>
    <nd ref='-177910439' />
    <nd ref='-177910440' />
  </way>
  <way id='-38557502' action='modify'>
    <nd ref='-177910440' />
    <nd ref='-177910441' />
    <nd ref='-177910442' />
    <tag k='type' v='straight' />
  </way>
  <way id='-38557503' action='modify'>
    <nd ref='-177910442' />
    <nd ref='-177910443' />
  </way>
  <way id='-38557504' action='modify'>
    <nd ref='-177910443' />
    <nd ref='-177910444' />
    <tag k='type' v='straight' />
  </way>
  <way id='-38557505' action='modify'>
    <nd ref='-177910444' />
    <nd ref='-177910445' />
  </way>
  <way id='-38557506' action='modify'>
    <nd ref='-177910445' />
    <nd ref='-177910446' />
    <tag k='type' v='straight' />
  </way>
  <way id='-38557507' action='modify'>
    <nd ref='-177910446' />
    <nd ref='-177910447' />
  </way>
  <way id='-38557508' action='modify'>
    <nd ref='-177910447' />
    <nd ref='-177910448' />
    <nd ref='-177910449' />
    <tag k='type' v='straight' />
  </way>
  <way id='-38557509' action='modify'>
    <nd ref='-177910449' />
    <nd ref='-177910450' />
  </way>
  <way id='-38557510' action='modify'>
    <nd ref='-177910450' />
    <nd ref='-177910451' />
    <tag k='type' v='straight' />
  </way>
  <way id='-38557511' action='modify'>
    <nd ref='-177910451' />
    <nd ref='-177910452' />
  </way>
  <way id='-38557512' action='modify'>
    <nd ref='-177910452' />
    <nd ref='-177910453' />
    <tag k='type' v='straight' />
  </way>
  <way id='-38557513' action='modify'>
    <nd ref='-177910453' />
    <nd ref='-177910454' />
  </way>
  <way id='-38557514' action='modify'>
    <nd ref='-177910454' />
    <nd ref='-177910455' />
    <nd ref='-177910456' />
    <tag k='type' v='straight' />
  </way>
  <way id='-38557515' action='modify'>
    <nd ref='-177910456' />
    <nd ref='-177910457' />
  </way>
  <way id='-38557516' action='modify'>
    <nd ref='-177910457' />
    <nd ref='-177910458' />
    <nd ref='-177910459' />
    <nd ref='-177910460' />
    <tag k='type' v='straight' />
  </way>
  <way id='-38557517' action='modify'>
    <nd ref='-177910460' />
    <nd ref='-177910461' />
  </way>
  <way id='-38557518' action='modify'>
    <nd ref='-177910461' />
    <nd ref='-177910462' />
    <tag k='type' v='straight' />
  </way>
  <way id='-38557519' action='modify'>
    <nd ref='-177910462' />
    <nd ref='-177910463' />
  </way>
  <way id='-38557520' action='modify'>
    <nd ref='-177910463' />
    <nd ref='-177910464' />
    <tag k='type' v='straight' />
  </way>
  <way id='-38557521' action='modify'>
    <nd ref='-177910464' />
    <nd ref='-177910465' />
  </way>
  <way id='-38557522' action='modify'>
    <nd ref='-177910465' />
    <nd ref='-177910466' />
    <tag k='type' v='straight' />
  </way>
  <way id='-38557523' action='modify'>
    <nd ref='-177910466' />
    <nd ref='-177910467' />
  </way>
  <way id='-38557524' action='modify'>
    <nd ref='-177910467' />
    <nd ref='-177910468' />
    <tag k='type' v='straight' />
  </way>
  <way id='-38557525' action='modify'>
    <nd ref='-177910468' />
    <nd ref='-177910469' />
  </way>
  <way id='-38557526' action='modify'>
    <nd ref='-177910469' />
    <nd ref='-177910470' />
    <tag k='type' v='straight' />
  </way>
  <way id='-38557527' action='modify'>
    <nd ref='-177910470' />
    <nd ref='-177910471' />
  </way>
  <way id='-38557528' action='modify'>
    <nd ref='-177910471' />
    <nd ref='-177910472' />
    <tag k='type' v='straight' />
  </way>
  <way id='-38557529' action='modify'>
    <nd ref='-177910472' />
    <nd ref='-177910473' />
  </way>
  <way id='-38557530' action='modify'>
    <nd ref='-177910473' />
    <nd ref='-177910474' />
    <nd ref='-177910475' />
    <tag k='type' v='straight' />
  </way>
  <way id='-38557531' action='modify'>
    <nd ref='-177910475' />
    <nd ref='-177910476' />
  </way>
  <way id='-38557532' action='modify'>
    <nd ref='-177910476' />
    <nd ref='-177910477' />
    <tag k='type' v='straight' />
  </way>
  <way id='-38557533' action='modify'>
    <nd ref='-177910477' />
    <nd ref='-177910478' />
  </way>
  <way id='-38557534' action='modify'>
    <nd ref='-177910478' />
    <nd ref='-177910479' />
    <tag k='type' v='straight' />
  </way>
  <way id='-38557535' action='modify'>
    <nd ref='-177910479' />
    <nd ref='-177910480' />
  </way>
  <way id='-38557536' action='modify'>
    <nd ref='-177910480' />
    <nd ref='-177910481' />
    <tag k='type' v='straight' />
  </way>
  <way id='-38557537' action='modify'>
    <nd ref='-177910481' />
    <nd ref='-177910482' />
  </way>
  <way id='-38557538' action='modify'>
    <nd ref='-177910482' />
    <nd ref='-177910483' />
    <tag k='type' v='straight' />
  </way>
  <way id='-38557539' action='modify'>
    <nd ref='-177910483' />
    <nd ref='-177910484' />
  </way>
  <way id='-38557540' action='modify'>
    <nd ref='-177910484' />
    <nd ref='-177910485' />
    <tag k='type' v='straight' />
  </way>
  <way id='-38557541' action='modify'>
    <nd ref='-177910485' />
    <nd ref='-177910486' />
  </way>
  <way id='-38557542' action='modify'>
    <nd ref='-177910486' />
    <nd ref='-177910487' />
    <tag k='type' v='straight' />
  </way>
  <way id='-38557543' action='modify'>
    <nd ref='-177910487' />
    <nd ref='-177910488' />
  </way>
  <way id='-38557544' action='modify'>
    <nd ref='-177910488' />
    <nd ref='-177910489' />
    <tag k='type' v='straight' />
  </way>
  <way id='-38557545' action='modify'>
    <nd ref='-177910489' />
    <nd ref='-177910490' />
  </way>
  <way id='-38557546' action='modify'>
    <nd ref='-177910490' />
    <nd ref='-177910491' />
    <tag k='type' v='straight' />
  </way>
  <way id='-38557547' action='modify'>
    <nd ref='-177910491' />
    <nd ref='-177910492' />
    <nd ref='-177910493' />
  </way>
  <way id='-38557548' action='modify'>
    <nd ref='-177910493' />
    <nd ref='-177910494' />
    <tag k='type' v='straight' />
  </way>
  <way id='-38557549' action='modify'>
    <nd ref='-177910494' />
    <nd ref='-177910495' />
  </way>
  <way id='-38557550' action='modify'>
    <nd ref='-177910495' />
    <nd ref='-177910496' />
    <tag k='type' v='straight' />
  </way>
  <way id='-38557551' action='modify'>
    <nd ref='-177910496' />
    <nd ref='-177910497' />
  </way>
  <way id='-38557552' action='modify'>
    <nd ref='-177910497' />
    <nd ref='-177910498' />
    <tag k='type' v='straight' />
  </way>
  <way id='-38557553' action='modify'>
    <nd ref='-177910498' />
    <nd ref='-177910499' />
  </way>
  <way id='-38557554' action='modify'>
    <nd ref='-177910499' />
    <nd ref='-177910500' />
    <nd ref='-177910501' />
    <tag k='type' v='straight' />
  </way>
  <way id='-38557555' action='modify'>
    <nd ref='-177910501' />
    <nd ref='-177910502' />
  </way>
  <way id='-38557556' action='modify'>
    <nd ref='-177910502' />
    <nd ref='-177910503' />
    <tag k='type' v='straight' />
  </way>
  <way id='-38557557' action='modify'>
    <nd ref='-177910503' />
    <nd ref='-177910504' />
  </way>
  <way id='-38557558' action='modify'>
    <nd ref='-177910504' />
    <nd ref='-177910505' />
    <tag k='type' v='straight' />
  </way>
  <way id='-38557559' action='modify'>
    <nd ref='-177910505' />
    <nd ref='-177910506' />
  </way>
  <way id='-38557560' action='modify'>
    <nd ref='-177910506' />
    <nd ref='-177910507' />
    <tag k='type' v='straight' />
  </way>
  <way id='-38557561' action='modify'>
    <nd ref='-177910507' />
    <nd ref='-177910508' />
  </way>
  <way id='-38557562' action='modify'>
    <nd ref='-177910508' />
    <nd ref='-177910509' />
    <tag k='type' v='straight' />
  </way>
  <way id='-38557563' action='modify'>
    <nd ref='-177910509' />
    <nd ref='-177910510' />
    <nd ref='-177910511' />
  </way>
  <way id='-38557564' action='modify'>
    <nd ref='-177910511' />
    <nd ref='-177910512' />
    <tag k='type' v='straight' />
  </way>
  <way id='-38557565' action='modify'>
    <nd ref='-177910512' />
    <nd ref='-177910513' />
  </way>
  <way id='-38557566' action='modify'>
    <nd ref='-177910513' />
    <nd ref='-177910514' />
    <tag k='type' v='straight' />
  </way>
  <way id='-38557567' action='modify'>
    <nd ref='-177910514' />
    <nd ref='-177910515' />
  </way>
  <way id='-38557568' action='modify'>
    <nd ref='-177910515' />
    <nd ref='-177910516' />
    <tag k='type' v='straight' />
  </way>
  <way id='-38557569' action='modify'>
    <nd ref='-177910516' />
    <nd ref='-177910517' />
  </way>
  <way id='-38557570' action='modify'>
    <nd ref='-177910517' />
    <nd ref='-177910518' />
    <tag k='type' v='straight' />
  </way>
  <way id='-38557571' action='modify'>
    <nd ref='-177910518' />
    <nd ref='-177910519' />
  </way>
  <way id='-38557572' action='modify'>
    <nd ref='-177910519' />
    <nd ref='-177910520' />
    <tag k='type' v='straight' />
  </way>
  <way id='-38557573' action='modify'>
    <nd ref='-177910520' />
    <nd ref='-177910521' />
  </way>
  <way id='-38557574' action='modify'>
    <nd ref='-177910521' />
    <nd ref='-177910522' />
    <tag k='type' v='straight' />
  </way>
  <way id='-38557575' action='modify'>
    <nd ref='-177910522' />
    <nd ref='-177910523' />
  </way>
  <way id='-38557576' action='modify'>
    <nd ref='-177910523' />
    <nd ref='-177910524' />
    <tag k='type' v='straight' />
  </way>
  <way id='-38557577' action='modify'>
    <nd ref='-177910524' />
    <nd ref='-177910525' />
  </way>
  <way id='-38557578' action='modify'>
    <nd ref='-177910525' />
    <nd ref='-177910526' />
    <tag k='type' v='straight' />
  </way>
  <way id='-38557579' action='modify'>
    <nd ref='-177910526' />
    <nd ref='-177910527' />
  </way>
  <way id='-38557580' action='modify'>
    <nd ref='-177910527' />
    <nd ref='-177910528' />
    <tag k='type' v='straight' />
  </way>
  <way id='-38557581' action='modify'>
    <nd ref='-177910528' />
    <nd ref='-177910529' />
  </way>
  <way id='-38557582' action='modify'>
    <nd ref='-177910529' />
    <nd ref='-177910530' />
    <nd ref='-177910531' />
    <tag k='type' v='straight' />
  </way>
  <way id='-38557583' action='modify'>
    <nd ref='-177910531' />
    <nd ref='-177910532' />
  </way>
  <way id='-38557584' action='modify'>
    <nd ref='-177910532' />
    <nd ref='-177910533' />
    <tag k='type' v='straight' />
  </way>
  <way id='-38557585' action='modify'>
    <nd ref='-177910533' />
    <nd ref='-177910534' />
  </way>
  <way id='-38557586' action='modify'>
    <nd ref='-177910534' />
    <nd ref='-177910535' />
    <tag k='type' v='straight' />
  </way>
  <way id='-38557587' action='modify'>
    <nd ref='-177910535' />
    <nd ref='-177910536' />
    <nd ref='-177910537' />
  </way>
  <way id='-38557588' action='modify'>
    <nd ref='-177910537' />
    <nd ref='-177910538' />
    <tag k='type' v='straight' />
  </way>
  <way id='-38557589' action='modify'>
    <nd ref='-177910538' />
    <nd ref='-177910539' />
  </way>
  <way id='-38557590' action='modify'>
    <nd ref='-177910539' />
    <nd ref='-177910540' />
    <tag k='type' v='straight' />
  </way>
  <way id='-38557591' action='modify'>
    <nd ref='-177910540' />
    <nd ref='-177910541' />
  </way>
  <way id='-38557592' action='modify'>
    <nd ref='-177910541' />
    <nd ref='-177910542' />
    <tag k='type' v='straight' />
  </way>
  <way id='-38557593' action='modify'>
    <nd ref='-177910542' />
    <nd ref='-177910543' />
  </way>
  <way id='-38557594' action='modify'>
    <nd ref='-177910543' />
    <nd ref='-177910544' />
    <tag k='type' v='straight' />
  </way>
  <way id='-38557595' action='modify'>
    <nd ref='-177910544' />
    <nd ref='-177910545' />
  </way>
  <way id='-38557596' action='modify'>
    <nd ref='-177910545' />
    <nd ref='-177910546' />
    <tag k='type' v='straight' />
  </way>
  <way id='-38557597' action='modify'>
    <nd ref='-177910546' />
    <nd ref='-177910547' />
  </way>
  <way id='-38557598' action='modify'>
    <nd ref='-177910547' />
    <nd ref='-177910548' />
    <tag k='type' v='straight' />
  </way>
  <way id='-38557599' action='modify'>
    <nd ref='-177909998' />
    <nd ref='-177910549' />
    <tag k='type' v='straight' />
  </way>
  <way id='-38557600' action='modify'>
    <nd ref='-177910549' />
    <nd ref='-177910550' />
  </way>
  <way id='-38557601' action='modify'>
    <nd ref='-177910550' />
    <nd ref='-177910551' />
    <tag k='type' v='straight' />
  </way>
  <way id='-38557602' action='modify'>
    <nd ref='-177910551' />
    <nd ref='-177910002' />
  </way>
  <way id='-38557603' action='modify'>
    <nd ref='-177910217' />
    <nd ref='-177910552' />
  </way>
  <way id='-38557604' action='modify'>
    <nd ref='-177910552' />
    <nd ref='-177910553' />
    <tag k='type' v='straight' />
  </way>
  <way id='-38557605' action='modify'>
    <nd ref='-177910553' />
    <nd ref='-177910220' />
  </way>
  <way id='-38557606' action='modify'>
    <nd ref='-177910282' />
    <nd ref='-177910554' />
    <tag k='type' v='straight' />
  </way>
  <way id='-38557607' action='modify'>
    <nd ref='-177910554' />
    <nd ref='-177910555' />
    <nd ref='-177910556' />
  </way>
  <way id='-38557608' action='modify'>
    <nd ref='-177910556' />
    <nd ref='-177910557' />
    <tag k='type' v='straight' />
  </way>
  <way id='-38557609' action='modify'>
    <nd ref='-177910557' />
    <nd ref='-177910285' />
  </way>
  <way id='-38557610' action='modify'>
    <nd ref='-177910558' />
    <nd ref='-177910559' />
    <tag k='type' v='straight' />
  </way>
  <way id='-38557611' action='modify'>
    <nd ref='-177910584' />
    <nd ref='-177910560' />
  </way>
  <way id='-38557612' action='modify'>
    <nd ref='-177910560' />
    <nd ref='-177910561' />
    <tag k='type' v='straight' />
  </way>
  <way id='-38557613' action='modify'>
    <nd ref='-177910561' />
    <nd ref='-177910245' />
  </way>
  <way id='-38557614' action='modify'>
    <nd ref='-177910269' />
    <nd ref='-177910562' />
    <tag k='type' v='straight' />
  </way>
  <way id='-38557615' action='modify'>
    <nd ref='-177910562' />
    <nd ref='-177910563' />
    <nd ref='-177910564' />
  </way>
  <way id='-38557616' action='modify'>
    <nd ref='-177910564' />
    <nd ref='-177910565' />
    <tag k='type' v='straight' />
  </way>
  <way id='-38557617' action='modify'>
    <nd ref='-177910565' />
    <nd ref='-177910275' />
  </way>
  <way id='-38557618' action='modify'>
    <nd ref='-177910229' />
    <nd ref='-177910566' />
    <tag k='type' v='straight' />
  </way>
  <way id='-38557619' action='modify'>
    <nd ref='-177910566' />
    <nd ref='-177910567' />
  </way>
  <way id='-38557620' action='modify'>
    <nd ref='-177910567' />
    <nd ref='-177910568' />
    <tag k='type' v='straight' />
  </way>
  <way id='-38557621' action='modify'>
    <nd ref='-177910568' />
    <nd ref='-177910569' />
  </way>
  <way id='-38557622' action='modify'>
    <nd ref='-177910569' />
    <nd ref='-177910570' />
    <tag k='type' v='straight' />
  </way>
  <way id='-38557623' action='modify'>
    <nd ref='-177910570' />
    <nd ref='-177910558' />
  </way>
  <way id='-38557624' action='modify'>
    <nd ref='-177910559' />
    <nd ref='-177910586' />
  </way>
  <way id='-38557625' action='modify'>
    <nd ref='-177910576' />
    <nd ref='-177910575' />
  </way>
  <way id='-38557626' action='modify'>
    <nd ref='-177910575' />
    <nd ref='-177910574' />
    <tag k='type' v='straight' />
  </way>
  <way id='-38557627' action='modify'>
    <nd ref='-177910574' />
    <nd ref='-177910573' />
  </way>
  <way id='-38557628' action='modify'>
    <nd ref='-177910573' />
    <nd ref='-177910571' />
    <tag k='type' v='straight' />
  </way>
  <way id='-38557629' action='modify'>
    <nd ref='-177910571' />
    <nd ref='-177910130' />
  </way>
  <way id='-38557630' action='modify'>
    <nd ref='-177910540' />
    <nd ref='-177910579' />
    <tag k='type' v='straight' />
  </way>
  <way id='-38557631' action='modify'>
    <nd ref='-177910580' />
    <nd ref='-177910581' />
    <tag k='type' v='straight' />
  </way>
  <way id='-38557632' action='modify'>
    <nd ref='-177910581' />
    <nd ref='-177910582' />
  </way>
  <way id='-38557633' action='modify'>
    <nd ref='-177910582' />
    <nd ref='-177910583' />
    <tag k='type' v='straight' />
  </way>
  <way id='-38557634' action='modify'>
    <nd ref='-177910579' />
    <nd ref='-177910580' />
  </way>
  <way id='-38557635' action='modify'>
    <nd ref='-177910585' />
    <nd ref='-177910584' />
    <tag k='type' v='straight' />
  </way>
  <way id='-38557636' action='modify'>
    <nd ref='-177910586' />
    <nd ref='-177910587' />
    <tag k='type' v='straight' />
  </way>
  <way id='-38557637' action='modify'>
    <nd ref='-177910589' />
    <nd ref='-177910590' />
    <tag k='type' v='straight' />
  </way>
  <way id='-38557638' action='modify'>
    <nd ref='-177910591' />
    <nd ref='-177910589' />
  </way>
  <way id='-38557639' action='modify'>
    <nd ref='-177910588' />
    <nd ref='-177910592' />
  </way>
  <way id='-38557640' action='modify'>
    <nd ref='-177910590' />
    <nd ref='-177910349' />
  </way>
  <way id='-38557641' action='modify'>
    <nd ref='-177910592' />
    <nd ref='-177910591' />
    <tag k='type' v='straight' />
  </way>
  <way id='-38557642' action='modify'>
    <nd ref='-177910588' />
    <nd ref='-177910342' />
    <tag k='type' v='straight' />
  </way>
  <relation id='-14488574' action='modify'>
    <member type='way' ref='-38557027' role='' />
    <member type='way' ref='-38557028' role='' />
    <member type='way' ref='-38557029' role='' />
    <member type='way' ref='-38557030' role='' />
    <member type='way' ref='-38557031' role='' />
    <member type='way' ref='-38557032' role='' />
    <member type='way' ref='-38557033' role='' />
    <member type='way' ref='-38557034' role='' />
    <member type='way' ref='-38557035' role='' />
    <member type='way' ref='-38557036' role='' />
    <member type='way' ref='-38557037' role='' />
    <member type='way' ref='-38557038' role='' />
    <member type='way' ref='-38557039' role='' />
    <member type='way' ref='-38557040' role='' />
    <member type='way' ref='-38557041' role='' />
    <member type='way' ref='-38557042' role='' />
    <member type='way' ref='-38557043' role='' />
    <member type='way' ref='-38557044' role='' />
    <member type='way' ref='-38557045' role='' />
    <member type='way' ref='-38557046' role='' />
    <member type='way' ref='-38557047' role='' />
    <member type='way' ref='-38557048' role='' />
    <member type='way' ref='-38557049' role='' />
    <member type='way' ref='-38557050' role='' />
    <member type='way' ref='-38557051' role='' />
    <member type='way' ref='-38557052' role='' />
    <member type='way' ref='-38557053' role='' />
    <member type='way' ref='-38557054' role='' />
    <member type='way' ref='-38557055' role='' />
    <member type='way' ref='-38557056' role='' />
    <member type='way' ref='-38557057' role='' />
    <member type='way' ref='-38557058' role='' />
    <member type='way' ref='-38557059' role='' />
    <member type='way' ref='-38557060' role='' />
    <member type='way' ref='-38557061' role='' />
    <member type='way' ref='-38557062' role='' />
    <member type='way' ref='-38557063' role='' />
    <member type='way' ref='-38557064' role='' />
    <member type='way' ref='-38557065' role='' />
    <member type='way' ref='-38557066' role='' />
    <member type='way' ref='-38557067' role='' />
    <member type='way' ref='-38557068' role='' />
    <member type='way' ref='-38557069' role='' />
    <member type='way' ref='-38557070' role='' />
    <member type='way' ref='-38557071' role='' />
    <member type='way' ref='-38557072' role='' />
    <member type='way' ref='-38557073' role='' />
    <member type='way' ref='-38557074' role='' />
    <member type='way' ref='-38557075' role='' />
    <member type='way' ref='-38557076' role='' />
    <member type='way' ref='-38557077' role='' />
    <member type='way' ref='-38557078' role='' />
    <member type='way' ref='-38557079' role='' />
    <member type='way' ref='-38557080' role='' />
    <member type='way' ref='-38557081' role='' />
    <member type='way' ref='-38557082' role='' />
    <member type='way' ref='-38557083' role='' />
    <member type='way' ref='-38557084' role='' />
    <member type='way' ref='-38557085' role='' />
    <member type='way' ref='-38557086' role='' />
    <member type='way' ref='-38557087' role='' />
    <member type='way' ref='-38557088' role='' />
    <member type='way' ref='-38557089' role='' />
    <member type='way' ref='-38557090' role='' />
    <member type='way' ref='-38557091' role='' />
    <member type='way' ref='-38557092' role='' />
    <member type='way' ref='-38557093' role='' />
    <member type='way' ref='-38557094' role='' />
    <member type='way' ref='-38557095' role='' />
    <member type='way' ref='-38557096' role='' />
    <member type='way' ref='-38557097' role='' />
    <member type='way' ref='-38557098' role='' />
    <member type='way' ref='-38557099' role='' />
    <member type='way' ref='-38557100' role='' />
    <member type='way' ref='-38557101' role='' />
    <member type='way' ref='-38557102' role='' />
    <member type='way' ref='-38557103' role='' />
    <member type='way' ref='-38557104' role='' />
    <member type='way' ref='-38557105' role='' />
    <member type='way' ref='-38557106' role='' />
    <member type='way' ref='-38557107' role='' />
    <member type='way' ref='-38557108' role='' />
    <member type='way' ref='-38557109' role='' />
    <member type='way' ref='-38557110' role='' />
    <member type='way' ref='-38557111' role='' />
    <member type='way' ref='-38557112' role='' />
    <member type='way' ref='-38557113' role='' />
    <member type='way' ref='-38557114' role='' />
    <member type='way' ref='-38557115' role='' />
    <member type='way' ref='-38557116' role='' />
    <member type='way' ref='-38557117' role='' />
    <member type='way' ref='-38557118' role='' />
    <member type='way' ref='-38557119' role='' />
    <member type='way' ref='-38557120' role='' />
    <member type='way' ref='-38557121' role='' />
    <member type='way' ref='-38557122' role='' />
    <member type='way' ref='-38557123' role='' />
    <member type='way' ref='-38557124' role='' />
    <member type='way' ref='-38557125' role='' />
    <member type='way' ref='-38557126' role='' />
    <member type='way' ref='-38557127' role='' />
    <member type='way' ref='-38557128' role='' />
    <member type='way' ref='-38557129' role='' />
    <member type='way' ref='-38557130' role='' />
    <member type='way' ref='-38557131' role='' />
    <member type='way' ref='-38557132' role='' />
    <member type='way' ref='-38557133' role='' />
    <member type='way' ref='-38557134' role='' />
    <member type='way' ref='-38557135' role='' />
    <member type='way' ref='-38557136' role='' />
    <member type='way' ref='-38557137' role='' />
    <member type='way' ref='-38557138' role='' />
    <member type='way' ref='-38557139' role='' />
    <member type='way' ref='-38557140' role='' />
    <member type='way' ref='-38557141' role='' />
    <member type='way' ref='-38557142' role='' />
    <member type='way' ref='-38557143' role='' />
    <member type='way' ref='-38557144' role='' />
    <member type='way' ref='-38557145' role='' />
    <member type='way' ref='-38557146' role='' />
    <member type='way' ref='-38557147' role='' />
    <member type='way' ref='-38557148' role='' />
    <member type='way' ref='-38557149' role='' />
    <member type='way' ref='-38557150' role='' />
    <member type='way' ref='-38557151' role='' />
    <member type='way' ref='-38557152' role='' />
    <member type='way' ref='-38557153' role='' />
    <member type='way' ref='-38557154' role='' />
    <member type='way' ref='-38557155' role='' />
    <member type='way' ref='-38557156' role='' />
    <member type='way' ref='-38557157' role='' />
    <member type='way' ref='-38557158' role='' />
    <member type='way' ref='-38557159' role='' />
    <member type='way' ref='-38557160' role='' />
    <member type='way' ref='-38557161' role='' />
    <member type='way' ref='-38557162' role='' />
    <member type='way' ref='-38557163' role='' />
    <member type='way' ref='-38557164' role='' />
    <member type='way' ref='-38557165' role='' />
    <member type='way' ref='-38557166' role='' />
    <member type='way' ref='-38557167' role='' />
    <member type='way' ref='-38557168' role='' />
    <member type='way' ref='-38557169' role='' />
    <member type='way' ref='-38557170' role='' />
    <member type='way' ref='-38557171' role='' />
    <member type='way' ref='-38557172' role='' />
    <member type='way' ref='-38557173' role='' />
    <member type='way' ref='-38557174' role='' />
    <member type='way' ref='-38557175' role='' />
    <member type='way' ref='-38557176' role='' />
    <member type='way' ref='-38557177' role='' />
    <member type='way' ref='-38557178' role='' />
    <member type='way' ref='-38557179' role='' />
    <member type='way' ref='-38557180' role='' />
    <member type='way' ref='-38557181' role='' />
    <member type='way' ref='-38557182' role='' />
    <member type='way' ref='-38557183' role='' />
    <member type='way' ref='-38557184' role='' />
    <member type='way' ref='-38557185' role='' />
    <member type='way' ref='-38557186' role='' />
    <member type='way' ref='-38557187' role='' />
    <member type='way' ref='-38557188' role='' />
    <member type='way' ref='-38557189' role='' />
    <member type='way' ref='-38557190' role='' />
    <member type='way' ref='-38557191' role='' />
    <member type='way' ref='-38557192' role='' />
    <member type='way' ref='-38557193' role='' />
    <member type='way' ref='-38557194' role='' />
    <member type='way' ref='-38557195' role='' />
    <member type='way' ref='-38557196' role='' />
    <member type='way' ref='-38557197' role='' />
    <member type='way' ref='-38557198' role='' />
    <member type='way' ref='-38557199' role='' />
    <member type='way' ref='-38557200' role='' />
    <member type='way' ref='-38557201' role='' />
    <member type='way' ref='-38557202' role='' />
    <member type='way' ref='-38557203' role='' />
    <member type='way' ref='-38557204' role='' />
    <member type='way' ref='-38557205' role='' />
    <member type='way' ref='-38557206' role='' />
    <member type='way' ref='-38557207' role='' />
    <member type='way' ref='-38557208' role='' />
    <member type='way' ref='-38557209' role='' />
    <member type='way' ref='-38557210' role='' />
    <member type='way' ref='-38557211' role='' />
    <member type='way' ref='-38557212' role='' />
    <member type='way' ref='-38557213' role='' />
    <member type='way' ref='-38557214' role='' />
    <member type='way' ref='-38557215' role='' />
    <member type='way' ref='-38557216' role='' />
    <member type='way' ref='-38557217' role='' />
    <member type='way' ref='-38557218' role='' />
    <member type='way' ref='-38557219' role='' />
    <member type='way' ref='-38557220' role='' />
    <member type='way' ref='-38557221' role='' />
    <member type='way' ref='-38557222' role='' />
    <member type='way' ref='-38557223' role='' />
    <member type='way' ref='-38557224' role='' />
    <member type='way' ref='-38557225' role='' />
    <member type='way' ref='-38557226' role='' />
    <member type='way' ref='-38557227' role='' />
    <tag k='key' v='path.dk.ffh.1' />
    <tag k='name' v='DK FFH (1)' />
    <tag k='type' v='path' />
  </relation>
  <relation id='-14488575' action='modify'>
    <member type='way' ref='-38557228' role='' />
    <member type='way' ref='-38557625' role='' />
    <member type='way' ref='-38557626' role='' />
    <member type='way' ref='-38557627' role='' />
    <member type='way' ref='-38557628' role='' />
    <member type='way' ref='-38557629' role='' />
    <member type='way' ref='-38557229' role='' />
    <member type='way' ref='-38557230' role='' />
    <member type='way' ref='-38557231' role='' />
    <member type='way' ref='-38557232' role='' />
    <member type='way' ref='-38557233' role='' />
    <member type='way' ref='-38557234' role='' />
    <member type='way' ref='-38557235' role='' />
    <member type='way' ref='-38557236' role='' />
    <member type='way' ref='-38557237' role='' />
    <member type='way' ref='-38557238' role='' />
    <member type='way' ref='-38557239' role='' />
    <member type='way' ref='-38557240' role='' />
    <member type='way' ref='-38557241' role='' />
    <member type='way' ref='-38557242' role='' />
    <member type='way' ref='-38557243' role='' />
    <member type='way' ref='-38557244' role='' />
    <member type='way' ref='-38557245' role='' />
    <member type='way' ref='-38557246' role='' />
    <member type='way' ref='-38557247' role='' />
    <member type='way' ref='-38557248' role='' />
    <member type='way' ref='-38557249' role='' />
    <member type='way' ref='-38557250' role='' />
    <member type='way' ref='-38557251' role='' />
    <member type='way' ref='-38557252' role='' />
    <member type='way' ref='-38557253' role='' />
    <member type='way' ref='-38557254' role='' />
    <member type='way' ref='-38557255' role='' />
    <member type='way' ref='-38557256' role='' />
    <member type='way' ref='-38557257' role='' />
    <member type='way' ref='-38557258' role='' />
    <member type='way' ref='-38557259' role='' />
    <member type='way' ref='-38557260' role='' />
    <member type='way' ref='-38557261' role='' />
    <member type='way' ref='-38557262' role='' />
    <member type='way' ref='-38557263' role='' />
    <member type='way' ref='-38557264' role='' />
    <member type='way' ref='-38557265' role='' />
    <member type='way' ref='-38557266' role='' />
    <member type='way' ref='-38557267' role='' />
    <member type='way' ref='-38557268' role='' />
    <member type='way' ref='-38557269' role='' />
    <member type='way' ref='-38557270' role='' />
    <member type='way' ref='-38557271' role='' />
    <member type='way' ref='-38557272' role='' />
    <member type='way' ref='-38557273' role='' />
    <member type='way' ref='-38557274' role='' />
    <member type='way' ref='-38557275' role='' />
    <member type='way' ref='-38557276' role='' />
    <member type='way' ref='-38557277' role='' />
    <member type='way' ref='-38557278' role='' />
    <member type='way' ref='-38557279' role='' />
    <member type='way' ref='-38557280' role='' />
    <member type='way' ref='-38557281' role='' />
    <member type='way' ref='-38557282' role='' />
    <member type='way' ref='-38557283' role='' />
    <member type='way' ref='-38557284' role='' />
    <member type='way' ref='-38557285' role='' />
    <member type='way' ref='-38557286' role='' />
    <member type='way' ref='-38557287' role='' />
    <member type='way' ref='-38557288' role='' />
    <member type='way' ref='-38557289' role='' />
    <member type='way' ref='-38557290' role='' />
    <member type='way' ref='-38557291' role='' />
    <member type='way' ref='-38557292' role='' />
    <member type='way' ref='-38557293' role='' />
    <member type='way' ref='-38557294' role='' />
    <member type='way' ref='-38557295' role='' />
    <member type='way' ref='-38557296' role='' />
    <member type='way' ref='-38557297' role='' />
    <member type='way' ref='-38557298' role='' />
    <member type='way' ref='-38557299' role='' />
    <member type='way' ref='-38557300' role='' />
    <member type='way' ref='-38557301' role='' />
    <member type='way' ref='-38557302' role='' />
    <member type='way' ref='-38557303' role='' />
    <member type='way' ref='-38557304' role='' />
    <member type='way' ref='-38557305' role='' />
    <member type='way' ref='-38557306' role='' />
    <member type='way' ref='-38557307' role='' />
    <member type='way' ref='-38557308' role='' />
    <member type='way' ref='-38557309' role='' />
    <member type='way' ref='-38557310' role='' />
    <member type='way' ref='-38557311' role='' />
    <member type='way' ref='-38557312' role='' />
    <member type='way' ref='-38557313' role='' />
    <member type='way' ref='-38557314' role='' />
    <member type='way' ref='-38557315' role='' />
    <member type='way' ref='-38557316' role='' />
    <member type='way' ref='-38557317' role='' />
    <member type='way' ref='-38557318' role='' />
    <member type='way' ref='-38557319' role='' />
    <member type='way' ref='-38557320' role='' />
    <member type='way' ref='-38557321' role='' />
    <member type='way' ref='-38557322' role='' />
    <member type='way' ref='-38557323' role='' />
    <member type='way' ref='-38557324' role='' />
    <member type='way' ref='-38557325' role='' />
    <member type='way' ref='-38557326' role='' />
    <member type='way' ref='-38557327' role='' />
    <member type='way' ref='-38557328' role='' />
    <member type='way' ref='-38557329' role='' />
    <member type='way' ref='-38557330' role='' />
    <member type='way' ref='-38557331' role='' />
    <member type='way' ref='-38557332' role='' />
    <member type='way' ref='-38557333' role='' />
    <member type='way' ref='-38557334' role='' />
    <member type='way' ref='-38557335' role='' />
    <member type='way' ref='-38557336' role='' />
    <member type='way' ref='-38557337' role='' />
    <member type='way' ref='-38557338' role='' />
    <member type='way' ref='-38557339' role='' />
    <member type='way' ref='-38557340' role='' />
    <member type='way' ref='-38557341' role='' />
    <member type='way' ref='-38557342' role='' />
    <member type='way' ref='-38557343' role='' />
    <member type='way' ref='-38557344' role='' />
    <member type='way' ref='-38557345' role='' />
    <member type='way' ref='-38557346' role='' />
    <member type='way' ref='-38557347' role='' />
    <member type='way' ref='-38557348' role='' />
    <member type='way' ref='-38557349' role='' />
    <member type='way' ref='-38557350' role='' />
    <member type='way' ref='-38557351' role='' />
    <member type='way' ref='-38557352' role='' />
    <member type='way' ref='-38557353' role='' />
    <member type='way' ref='-38557354' role='' />
    <member type='way' ref='-38557355' role='' />
    <member type='way' ref='-38557356' role='' />
    <member type='way' ref='-38557357' role='' />
    <member type='way' ref='-38557358' role='' />
    <member type='way' ref='-38557359' role='' />
    <member type='way' ref='-38557360' role='' />
    <member type='way' ref='-38557361' role='' />
    <member type='way' ref='-38557362' role='' />
    <member type='way' ref='-38557363' role='' />
    <member type='way' ref='-38557364' role='' />
    <member type='way' ref='-38557365' role='' />
    <member type='way' ref='-38557366' role='' />
    <member type='way' ref='-38557367' role='' />
    <member type='way' ref='-38557368' role='' />
    <member type='way' ref='-38557369' role='' />
    <member type='way' ref='-38557370' role='' />
    <member type='way' ref='-38557371' role='' />
    <member type='way' ref='-38557372' role='' />
    <member type='way' ref='-38557373' role='' />
    <member type='way' ref='-38557374' role='' />
    <member type='way' ref='-38557375' role='' />
    <member type='way' ref='-38557376' role='' />
    <member type='way' ref='-38557377' role='' />
    <member type='way' ref='-38557378' role='' />
    <member type='way' ref='-38557379' role='' />
    <member type='way' ref='-38557380' role='' />
    <member type='way' ref='-38557381' role='' />
    <member type='way' ref='-38557382' role='' />
    <member type='way' ref='-38557383' role='' />
    <member type='way' ref='-38557384' role='' />
    <member type='way' ref='-38557385' role='' />
    <member type='way' ref='-38557386' role='' />
    <member type='way' ref='-38557387' role='' />
    <member type='way' ref='-38557388' role='' />
    <member type='way' ref='-38557389' role='' />
    <member type='way' ref='-38557390' role='' />
    <member type='way' ref='-38557391' role='' />
    <member type='way' ref='-38557392' role='' />
    <member type='way' ref='-38557393' role='' />
    <member type='way' ref='-38557394' role='' />
    <member type='way' ref='-38557395' role='' />
    <member type='way' ref='-38557396' role='' />
    <member type='way' ref='-38557397' role='' />
    <member type='way' ref='-38557398' role='' />
    <member type='way' ref='-38557399' role='' />
    <member type='way' ref='-38557400' role='' />
    <member type='way' ref='-38557401' role='' />
    <member type='way' ref='-38557402' role='' />
    <member type='way' ref='-38557403' role='' />
    <member type='way' ref='-38557404' role='' />
    <member type='way' ref='-38557405' role='' />
    <member type='way' ref='-38557406' role='' />
    <member type='way' ref='-38557407' role='' />
    <member type='way' ref='-38557408' role='' />
    <member type='way' ref='-38557409' role='' />
    <member type='way' ref='-38557410' role='' />
    <member type='way' ref='-38557411' role='' />
    <member type='way' ref='-38557412' role='' />
    <member type='way' ref='-38557413' role='' />
    <member type='way' ref='-38557414' role='' />
    <member type='way' ref='-38557415' role='' />
    <member type='way' ref='-38557416' role='' />
    <member type='way' ref='-38557417' role='' />
    <member type='way' ref='-38557418' role='' />
    <member type='way' ref='-38557642' role='' />
    <member type='way' ref='-38557419' role='' />
    <member type='way' ref='-38557420' role='' />
    <member type='way' ref='-38557421' role='' />
    <member type='way' ref='-38557422' role='' />
    <member type='way' ref='-38557423' role='' />
    <member type='way' ref='-38557424' role='' />
    <member type='way' ref='-38557425' role='' />
    <member type='way' ref='-38557426' role='' />
    <member type='way' ref='-38557427' role='' />
    <member type='way' ref='-38557428' role='' />
    <member type='way' ref='-38557429' role='' />
    <member type='way' ref='-38557430' role='' />
    <member type='way' ref='-38557431' role='' />
    <member type='way' ref='-38557432' role='' />
    <member type='way' ref='-38557433' role='' />
    <member type='way' ref='-38557434' role='' />
    <member type='way' ref='-38557435' role='' />
    <member type='way' ref='-38557436' role='' />
    <member type='way' ref='-38557437' role='' />
    <member type='way' ref='-38557438' role='' />
    <member type='way' ref='-38557439' role='' />
    <member type='way' ref='-38557440' role='' />
    <member type='way' ref='-38557441' role='' />
    <member type='way' ref='-38557442' role='' />
    <member type='way' ref='-38557443' role='' />
    <member type='way' ref='-38557444' role='' />
    <member type='way' ref='-38557445' role='' />
    <member type='way' ref='-38557446' role='' />
    <member type='way' ref='-38557447' role='' />
    <member type='way' ref='-38557448' role='' />
    <member type='way' ref='-38557449' role='' />
    <member type='way' ref='-38557450' role='' />
    <member type='way' ref='-38557451' role='' />
    <member type='way' ref='-38557452' role='' />
    <member type='way' ref='-38557453' role='' />
    <member type='way' ref='-38557454' role='' />
    <member type='way' ref='-38557455' role='' />
    <member type='way' ref='-38557456' role='' />
    <member type='way' ref='-38557457' role='' />
    <member type='way' ref='-38557458' role='' />
    <member type='way' ref='-38557459' role='' />
    <member type='way' ref='-38557460' role='' />
    <member type='way' ref='-38557461' role='' />
    <member type='way' ref='-38557462' role='' />
    <member type='way' ref='-38557463' role='' />
    <member type='way' ref='-38557464' role='' />
    <member type='way' ref='-38557465' role='' />
    <member type='way' ref='-38557466' role='' />
    <member type='way' ref='-38557467' role='' />
    <member type='way' ref='-38557468' role='' />
    <member type='way' ref='-38557469' role='' />
    <member type='way' ref='-38557470' role='' />
    <member type='way' ref='-38557471' role='' />
    <member type='way' ref='-38557472' role='' />
    <member type='way' ref='-38557473' role='' />
    <member type='way' ref='-38557474' role='' />
    <member type='way' ref='-38557475' role='' />
    <member type='way' ref='-38557476' role='' />
    <member type='way' ref='-38557477' role='' />
    <member type='way' ref='-38557478' role='' />
    <member type='way' ref='-38557479' role='' />
    <member type='way' ref='-38557480' role='' />
    <member type='way' ref='-38557481' role='' />
    <member type='way' ref='-38557482' role='' />
    <member type='way' ref='-38557483' role='' />
    <member type='way' ref='-38557484' role='' />
    <member type='way' ref='-38557485' role='' />
    <member type='way' ref='-38557486' role='' />
    <member type='way' ref='-38557487' role='' />
    <member type='way' ref='-38557488' role='' />
    <member type='way' ref='-38557489' role='' />
    <member type='way' ref='-38557490' role='' />
    <member type='way' ref='-38557491' role='' />
    <member type='way' ref='-38557492' role='' />
    <member type='way' ref='-38557493' role='' />
    <member type='way' ref='-38557494' role='' />
    <member type='way' ref='-38557495' role='' />
    <member type='way' ref='-38557496' role='' />
    <member type='way' ref='-38557497' role='' />
    <member type='way' ref='-38557498' role='' />
    <member type='way' ref='-38557499' role='' />
    <member type='way' ref='-38557500' role='' />
    <member type='way' ref='-38557501' role='' />
    <member type='way' ref='-38557502' role='' />
    <member type='way' ref='-38557503' role='' />
    <member type='way' ref='-38557504' role='' />
    <member type='way' ref='-38557505' role='' />
    <member type='way' ref='-38557506' role='' />
    <member type='way' ref='-38557507' role='' />
    <member type='way' ref='-38557508' role='' />
    <member type='way' ref='-38557509' role='' />
    <member type='way' ref='-38557510' role='' />
    <member type='way' ref='-38557511' role='' />
    <member type='way' ref='-38557512' role='' />
    <member type='way' ref='-38557513' role='' />
    <member type='way' ref='-38557514' role='' />
    <member type='way' ref='-38557515' role='' />
    <member type='way' ref='-38557516' role='' />
    <member type='way' ref='-38557517' role='' />
    <member type='way' ref='-38557518' role='' />
    <member type='way' ref='-38557519' role='' />
    <member type='way' ref='-38557520' role='' />
    <member type='way' ref='-38557521' role='' />
    <member type='way' ref='-38557522' role='' />
    <member type='way' ref='-38557523' role='' />
    <member type='way' ref='-38557524' role='' />
    <member type='way' ref='-38557525' role='' />
    <member type='way' ref='-38557526' role='' />
    <member type='way' ref='-38557527' role='' />
    <member type='way' ref='-38557528' role='' />
    <member type='way' ref='-38557529' role='' />
    <member type='way' ref='-38557530' role='' />
    <member type='way' ref='-38557531' role='' />
    <member type='way' ref='-38557532' role='' />
    <member type='way' ref='-38557533' role='' />
    <member type='way' ref='-38557534' role='' />
    <member type='way' ref='-38557535' role='' />
    <member type='way' ref='-38557536' role='' />
    <member type='way' ref='-38557537' role='' />
    <member type='way' ref='-38557538' role='' />
    <member type='way' ref='-38557539' role='' />
    <member type='way' ref='-38557540' role='' />
    <member type='way' ref='-38557541' role='' />
    <member type='way' ref='-38557542' role='' />
    <member type='way' ref='-38557543' role='' />
    <member type='way' ref='-38557544' role='' />
    <member type='way' ref='-38557545' role='' />
    <member type='way' ref='-38557546' role='' />
    <member type='way' ref='-38557547' role='' />
    <member type='way' ref='-38557548' role='' />
    <member type='way' ref='-38557549' role='' />
    <member type='way' ref='-38557550' role='' />
    <member type='way' ref='-38557551' role='' />
    <member type='way' ref='-38557552' role='' />
    <member type='way' ref='-38557553' role='' />
    <member type='way' ref='-38557554' role='' />
    <member type='way' ref='-38557555' role='' />
    <member type='way' ref='-38557556' role='' />
    <member type='way' ref='-38557557' role='' />
    <member type='way' ref='-38557558' role='' />
    <member type='way' ref='-38557559' role='' />
    <member type='way' ref='-38557560' role='' />
    <member type='way' ref='-38557561' role='' />
    <member type='way' ref='-38557562' role='' />
    <member type='way' ref='-38557563' role='' />
    <member type='way' ref='-38557564' role='' />
    <member type='way' ref='-38557565' role='' />
    <member type='way' ref='-38557566' role='' />
    <member type='way' ref='-38557567' role='' />
    <member type='way' ref='-38557568' role='' />
    <member type='way' ref='-38557569' role='' />
    <member type='way' ref='-38557570' role='' />
    <member type='way' ref='-38557571' role='' />
    <member type='way' ref='-38557572' role='' />
    <member type='way' ref='-38557573' role='' />
    <member type='way' ref='-38557574' role='' />
    <member type='way' ref='-38557575' role='' />
    <member type='way' ref='-38557576' role='' />
    <member type='way' ref='-38557577' role='' />
    <member type='way' ref='-38557578' role='' />
    <member type='way' ref='-38557579' role='' />
    <member type='way' ref='-38557580' role='' />
    <member type='way' ref='-38557581' role='' />
    <member type='way' ref='-38557582' role='' />
    <member type='way' ref='-38557583' role='' />
    <member type='way' ref='-38557584' role='' />
    <member type='way' ref='-38557585' role='' />
    <member type='way' ref='-38557586' role='' />
    <member type='way' ref='-38557587' role='' />
    <member type='way' ref='-38557588' role='' />
    <member type='way' ref='-38557589' role='' />
    <member type='way' ref='-38557590' role='' />
    <member type='way' ref='-38557591' role='' />
    <member type='way' ref='-38557592' role='' />
    <member type='way' ref='-38557593' role='' />
    <member type='way' ref='-38557594' role='' />
    <member type='way' ref='-38557595' role='' />
    <member type='way' ref='-38557596' role='' />
    <member type='way' ref='-38557597' role='' />
    <member type='way' ref='-38557598' role='' />
    <tag k='key' v='path.dk.ffh.2' />
    <tag k='name' v='DK FFH (2)' />
    <tag k='type' v='path' />
  </relation>
  <relation id='-14488576' action='modify'>
    <member type='way' ref='-38557114' role='' />
    <member type='way' ref='-38557115' role='' />
    <member type='way' ref='-38557599' role='' />
    <member type='way' ref='-38557600' role='' />
    <member type='way' ref='-38557601' role='' />
    <member type='way' ref='-38557602' role='' />
    <member type='way' ref='-38557119' role='' />
    <member type='way' ref='-38557120' role='' />
    <member type='way' ref='-38557121' role='' />
    <tag k='key' v='path.dk.ffh.hor' />
    <tag k='name' v='DK FFH (Hor)' />
    <tag k='type' v='path' />
  </relation>
  <relation id='-14488577' action='modify'>
    <member type='way' ref='-38557305' role='' />
    <member type='way' ref='-38557603' role='' />
    <member type='way' ref='-38557604' role='' />
    <member type='way' ref='-38557605' role='' />
    <member type='way' ref='-38557309' role='' />
    <tag k='key' v='path.dk.ffh.lan' />
    <tag k='name' v='DK FFH (Lan)' />
    <tag k='type' v='path' />
  </relation>
  <relation id='-14488578' action='modify'>
    <member type='way' ref='-38557363' role='' />
    <member type='way' ref='-38557364' role='' />
    <member type='way' ref='-38557365' role='' />
    <member type='way' ref='-38557606' role='' />
    <member type='way' ref='-38557607' role='' />
    <member type='way' ref='-38557608' role='' />
    <member type='way' ref='-38557609' role='' />
    <member type='way' ref='-38557368' role='' />
    <tag k='key' v='path.dk.ffh.ols' />
    <tag k='name' v='DK FFH (Ols)' />
    <tag k='type' v='path' />
  </relation>
  <relation id='-14488579' action='modify'>
    <member type='way' ref='-38557611' role='' />
    <member type='way' ref='-38557612' role='' />
    <member type='way' ref='-38557613' role='' />
    <member type='way' ref='-38557333' role='' />
    <tag k='key' v='path.dk.ffh.ran' />
    <tag k='name' v='DK FFH (Ran)' />
    <tag k='type' v='path' />
  </relation>
  <relation id='-14488580' action='modify'>
    <member type='way' ref='-38557353' role='' />
    <member type='way' ref='-38557614' role='' />
    <member type='way' ref='-38557615' role='' />
    <member type='way' ref='-38557616' role='' />
    <member type='way' ref='-38557617' role='' />
    <member type='way' ref='-38557359' role='' />
    <tag k='key' v='path.dk.ffh.son' />
    <tag k='name' v='DK FFH (Son)' />
    <tag k='type' v='path' />
  </relation>
  <relation id='-14488581' action='modify'>
    <member type='way' ref='-38557317' role='' />
    <member type='way' ref='-38557618' role='' />
    <member type='way' ref='-38557619' role='' />
    <member type='way' ref='-38557620' role='' />
    <member type='way' ref='-38557621' role='' />
    <member type='way' ref='-38557622' role='' />
    <member type='way' ref='-38557623' role='' />
    <member type='way' ref='-38557610' role='' />
    <member type='way' ref='-38557624' role='' />
    <member type='way' ref='-38557636' role='' />
    <tag k='key' v='path.dk.ffh.ste' />
    <tag k='name' v='DK FFH (Ste)' />
    <tag k='type' v='path' />
  </relation>
  <relation id='-14488582' action='modify'>
    <member type='way' ref='-38557630' role='' />
    <member type='way' ref='-38557634' role='' />
    <member type='way' ref='-38557631' role='' />
    <member type='way' ref='-38557632' role='' />
    <member type='way' ref='-38557633' role='' />
    <tag k='key' v='path.dk.ffh.fre' />
    <tag k='name' v='DK FFH (Fre)' />
    <tag k='type' v='path' />
  </relation>
  <relation id='-14488583' action='modify'>
    <member type='way' ref='-38557418' role='' />
    <member type='way' ref='-38557639' role='' />
    <member type='way' ref='-38557641' role='' />
    <member type='way' ref='-38557638' role='' />
    <member type='way' ref='-38557637' role='' />
    <member type='way' ref='-38557640' role='' />
    <member type='way' ref='-38557426' role='' />
    <tag k='key' v='path.dk.ffh.sko' />
    <tag k='name' v='DK FFH (Sko)' />
    <tag k='type' v='path' />
  </relation>
</osm>
